site,date,tair,tsoil_10cm,WTD,PARin
SE-Deg,2020-04-01,-0.755824795106383,0.3147553191489362,NA,305.42711877489364
SE-Deg,2020-04-02,-2.70036134,0.31409375,NA,209.46716537291667
SE-Deg,2020-04-03,-3.0214575077083334,0.314859375,NA,216.36295401333334
SE-Deg,2020-04-04,-3.175957970833333,0.30876041666666665,NA,328.79036801458335
SE-Deg,2020-04-05,-3.6510194039583332,0.30196875,NA,364.39527446249997
SE-Deg,2020-04-06,0.43216868583333334,0.30250520833333333,NA,274.00003887916665
SE-Deg,2020-04-07,3.84615684375,0.30807812500000004,NA,212.98572997083332
SE-Deg,2020-04-08,4.0541013645833335,0.30283333333333334,NA,255.67863452604166
SE-Deg,2020-04-09,1.0947848129166666,0.29309375,NA,360.06648497645836
SE-Deg,2020-04-10,-0.5093381179166666,0.2796666666666667,NA,342.33929878541664
SE-Deg,2020-04-11,-0.9330043844583333,0.25608854166666667,NA,394.32663427291664
SE-Deg,2020-04-12,-0.1250678575,0.22998437500000002,NA,163.76409466316667
SE-Deg,2020-04-13,-1.7050657277083334,0.22034895833333334,NA,141.56304943746903
SE-Deg,2020-04-14,0.935301955,0.22025,NA,356.29226815
SE-Deg,2020-04-15,2.02479168625,0.22511979166666668,NA,371.90100398541665
SE-Deg,2020-04-16,1.698911381,0.22613020833333333,NA,408.24929839645836
SE-Deg,2020-04-17,1.5521374597916666,0.23128645833333333,NA,422.07119144791665
SE-Deg,2020-04-18,2.25405415,0.24206770833333333,NA,426.37654947390325
SE-Deg,2020-04-19,4.619018739375,0.25160937499999997,NA,407.87064625208336
SE-Deg,2020-04-20,5.1259650416666664,0.252203125,NA,359.1182501895833
SE-Deg,2020-04-21,5.17342223125,0.24504166666666666,NA,477.6217439566042
SE-Deg,2020-04-22,3.3472112020833333,0.24941666666666668,NA,445.0152916795417
SE-Deg,2020-04-23,2.4602330416666667,0.2653020833333333,NA,286.108083995625
SE-Deg,2020-04-24,1.6089691920833333,0.2676822916666667,NA,227.44733548458333
SE-Deg,2020-04-25,1.0763412175,0.2630885416666667,NA,458.9126750009005
SE-Deg,2020-04-26,1.7509521639583334,0.219859375,NA,377.20550582375
SE-Deg,2020-04-27,0.11784020708333334,0.195109375,NA,261.4153202360417
SE-Deg,2020-04-28,-0.8242375833333333,0.18001041666666667,NA,309.6208591972917
SE-Deg,2020-04-29,-0.7642058419583333,0.16435416666666666,NA,395.98755152083334
SE-Deg,2020-04-30,-0.9799052916666666,0.15716145833333334,NA,391.35473271041667
SE-Deg,2020-05-01,0.31104106218749994,0.15863541666666667,7.336035552083334,235.82499404583334
SE-Deg,2020-05-02,1.5503215769166667,0.16427083333333334,7.6463471302083335,146.44803593270834
SE-Deg,2020-05-03,4.326280647916667,0.19754166666666667,7.697794052083333,420.38772700625
SE-Deg,2020-05-04,3.3886317927083334,0.24204166666666668,5.399973618229167,426.4699761339583
SE-Deg,2020-05-05,3.7100793125,0.33751041666666665,3.5176798337760418,490.64842168116667
SE-Deg,2020-05-06,4.317786770833333,0.5385677083333333,2.23193028934375,423.612558719375
SE-Deg,2020-05-07,3.2001175208333335,1.4221197916666666,0.9695941717552083,474.3000849789583
SE-Deg,2020-05-08,1.9771347104166668,1.1957656250000002,-0.45751395457291666,290.1733103052083
SE-Deg,2020-05-09,2.5495219263125,1.1012361111111115,-0.664597331109375,531.2000554835416
SE-Deg,2020-05-10,1.21416983875,1.4751527777777784,-0.12005173155208333,232.44817319020834
SE-Deg,2020-05-11,0.811992329375,1.7141041666666672,-0.5537228740036458,533.49864208125
SE-Deg,2020-05-12,0.932393275,2.428881944444444,-0.7775276890625,450.57407271875
SE-Deg,2020-05-13,1.59016201125,3.1674861111111112,-0.8516019806458334,496.08005250437503
SE-Deg,2020-05-14,1.48113921125,3.6137708333333336,-0.9798276195729166,480.6284110525
SE-Deg,2020-05-15,1.6679812833333334,3.9076180555555546,-0.7890732598645837,482.41562584145834
SE-Deg,2020-05-16,1.394287315,4.2574375,-0.11412805906250081,362.97858954125
SE-Deg,2020-05-17,2.10039048125,4.419284722222222,-0.16102392623437584,364.03082372395835
SE-Deg,2020-05-18,3.6037840802083334,5.283222222222222,-0.41025287947916766,460.343903946875
SE-Deg,2020-05-19,2.1757042791666668,5.5795763888888885,-0.5157227636458344,363.19768954520833
SE-Deg,2020-05-20,4.481368324583333,5.8594375,-0.7944964178125008,444.39035464104165
SE-Deg,2020-05-21,5.475604332916666,7.180291666666667,-1.2062332751041667,576.0562902375
SE-Deg,2020-05-22,7.444017847916666,8.408437499999998,-1.6710878803125,628.33865372625
SE-Deg,2020-05-23,7.8835170625,8.452680555555556,-2.060732759479167,451.52919648958334
SE-Deg,2020-05-24,5.875559479166666,7.950159722222223,-1.8551105422916667,211.59076108125
SE-Deg,2020-05-25,10.01594753125,9.293835069444444,-2.6981796777494664,583.9262355725
SE-Deg,2020-05-26,13.160479333333333,10.778489583333334,-3.6877171927083334,559.5778286854166
SE-Deg,2020-05-27,10.506850208333333,10.91796875,-3.966148447916667,479.08346682958336
SE-Deg,2020-05-28,8.0996766875,9.425567708333332,-4.489659885416667,462.2392024395833
SE-Deg,2020-05-29,9.329044604166667,8.911770833333334,-4.893928989583333,423.82342649375
SE-Deg,2020-05-30,11.1822895625,10.049885416666667,-5.466531973958333,653.6940967
SE-Deg,2020-05-31,15.2691091875,11.561458333333333,-5.95169228125,658.6267027583333
SE-Deg,2020-06-01,18.829638708333334,13.54390625,-6.4415148802083335,642.7597928479166
SE-Deg,2020-06-02,16.2300055,13.94734375,-6.908368359375,472.13921899583335
SE-Deg,2020-06-03,13.301554994940824,13.874739583333334,-6.8311545,404.93843838381815
SE-Deg,2020-06-04,13.421681145833332,13.086822916666666,-7.476604682291667,551.9103259791667
SE-Deg,2020-06-05,10.5187770625,11.976666666666667,-7.867905010416667,119.49683004583333
SE-Deg,2020-06-06,11.126792958333333,11.733854166666667,-7.328168104166666,237.53002525625
SE-Deg,2020-06-07,9.7399913125,11.01125,-4.4330098541666665,203.0765830375
SE-Deg,2020-06-08,10.589687958333334,11.48795138888889,-4.762630528645834,581.1359934583334
SE-Deg,2020-06-09,10.228885458333334,11.642621527777777,-4.583414034198653,665.4443413125
SE-Deg,2020-06-10,12.919030041666666,12.08625,-5.734452796875001,625.8753473541667
SE-Deg,2020-06-11,15.122506208333334,12.83703125,-6.516096395833333,662.3350012916667
SE-Deg,2020-06-12,14.468160395833333,13.43765625,-7.269070895833331,684.4458527708333
SE-Deg,2020-06-13,17.251524854166668,14.006927083333334,-7.961852932291657,685.61302775
SE-Deg,2020-06-14,19.809798458333333,14.646614583333333,-8.663861729166657,679.1968083333334
SE-Deg,2020-06-15,18.699370625,15.07,-9.33034778385416,557.5634975833333
SE-Deg,2020-06-16,15.334506395833333,15.150052083333334,-9.656076578125004,471.1212564375
SE-Deg,2020-06-17,15.404319770833334,14.646354166666667,-9.98245233854167,616.9063711666666
SE-Deg,2020-06-18,15.241881458333333,15.1253125,-9.32320863020834,464.577545
SE-Deg,2020-06-19,16.223908083333335,15.265416666666667,-10.482133348958335,646.7073249166667
SE-Deg,2020-06-20,16.17947854166667,15.021770833333333,-11.360267682291667,682.0092931041667
SE-Deg,2020-06-21,18.084542312499998,15.365260416666667,-12.040918515625,676.5825159583334
SE-Deg,2020-06-22,20.1317213125,15.880729166666667,-12.70430415625,680.7733052916667
SE-Deg,2020-06-23,21.174310625,16.303229166666668,-13.53381728125,519.4836226041666
SE-Deg,2020-06-24,20.993934583333335,16.53625,-14.256109625,612.702596625
SE-Deg,2020-06-25,23.296317083333335,17.12171875,-14.933968479166667,626.2884620625
SE-Deg,2020-06-26,21.193425,17.614270833333332,-15.443886552083333,567.4793789541667
SE-Deg,2020-06-27,16.633543958333334,17.0790625,-16.259147541666668,606.5255035416667
SE-Deg,2020-06-28,15.781318541666666,16.02359375,-17.039012229166666,654.6029329166666
SE-Deg,2020-06-29,13.799922916666667,15.51046875,-15.810883791666667,230.38719170833332
SE-Deg,2020-06-30,14.943405625,15.638177083333334,-13.834414075520833,412.24997566666667
SE-Deg,2020-07-01,10.9283170625,14.710364583333334,-14.847386145833333,391.0097365125
SE-Deg,2020-07-02,9.653152166666667,13.536458333333334,-15.876867291666667,561.7457193895833
SE-Deg,2020-07-03,7.5540438125,12.90907986111111,-11.651015176220307,228.31490348125
SE-Deg,2020-07-04,7.480575916666667,12.24453125,-10.551180250000002,250.2624084375
SE-Deg,2020-07-05,11.277038750000001,12.525989583333333,-10.966329057291667,590.2854686166667
SE-Deg,2020-07-06,9.1315975625,12.34765625,-9.19977684895834,90.39495378333334
SE-Deg,2020-07-07,11.557414354166667,12.5525,-7.163300505208343,397.9348633979167
SE-Deg,2020-07-08,11.154667708333333,13.087708333333333,-7.486888244791685,356.94850333541666
SE-Deg,2020-07-09,9.68701075,12.740729166666666,-5.498245661458353,243.70870531458334
SE-Deg,2020-07-10,11.657229875,13.050052083333334,-3.9293219114583535,438.6958170929167
SE-Deg,2020-07-11,10.908594458333333,13.433177083333334,-3.8097018541666867,447.0529832208333
SE-Deg,2020-07-12,11.3506314375,13.571927083333334,-3.6977102916666866,390.887486025625
SE-Deg,2020-07-13,9.627783895833334,13.788229166666667,-3.34375666718752,447.7677585470833
SE-Deg,2020-07-14,11.922061520833333,14.224375,-3.7721822958333533,404.30376029583334
SE-Deg,2020-07-15,10.531541125,13.768541666666668,-4.424572181770853,263.86124694166665
SE-Deg,2020-07-16,14.3238005,14.112760416666664,-4.86869826562502,495.54564197291666
SE-Deg,2020-07-17,17.054038666666667,15.486770833333333,-5.529292479166687,597.22982083125
SE-Deg,2020-07-18,17.59898375,16.204947916666665,-6.17875573437502,334.0602070566667
SE-Deg,2020-07-19,17.523431458333334,16.23260416666667,-6.663585276041681,388.050640988125
SE-Deg,2020-07-20,16.875608333333332,16.28359375,-7.1116720052083435,353.5794751054167
SE-Deg,2020-07-21,12.790945291666667,15.852239583333333,-7.237610317708343,177.41167909479168
SE-Deg,2020-07-22,10.3077743125,13.798489583333334,-7.780163421875005,166.83155490127083
SE-Deg,2020-07-23,9.4506548125,12.431666666666667,-5.46059070833334,125.10629535810416
SE-Deg,2020-07-24,10.3281890625,12.54546875,-4.33455218750001,208.73654493729165
SE-Deg,2020-07-25,11.295052125,12.923489583333334,-3.85690506250001,249.78921082666668
SE-Deg,2020-07-26,13.890910354166667,13.675989583333333,-4.12255912500001,577.30549744375
SE-Deg,2020-07-27,13.815816458333334,14.1453125,-4.637192651041676,202.5116093275
SE-Deg,2020-07-28,15.285892291666666,14.771197916666667,-4.644361442708344,316.9292066625
SE-Deg,2020-07-29,14.720186875,15.165052083333334,-4.401987961458343,172.97657885020834
SE-Deg,2020-07-30,13.35780875,14.653020833333333,-2.51985853356251,143.23097876458334
SE-Deg,2020-07-31,16.472081666666668,15.551302083333333,-3.0944013161458432,509.6732995666667
SE-Deg,2020-08-01,15.9577619375,15.913333333333334,-3.8223835572916767,463.6125178
SE-Deg,2020-08-02,14.597655416666667,15.964427083333334,-4.285443645833343,291.2351311375
SE-Deg,2020-08-03,13.3474965625,15.357395833333333,-4.635139911458343,324.571413346875
SE-Deg,2020-08-04,13.601420416666667,15.356510416666667,-5.004124778645842,309.70067815208336
SE-Deg,2020-08-05,13.4391709375,14.75046875,-5.641964864583334,452.275999558125
SE-Deg,2020-08-06,14.878832916666667,15.17390625,-6.249038822916667,291.28246713125003
SE-Deg,2020-08-07,18.97514625,15.97125,-6.764719880208326,422.4958590375
SE-Deg,2020-08-08,19.949245833333332,16.851875,-7.27078417187499,462.4911838645833
SE-Deg,2020-08-09,14.756902416666666,16.494375,-8.002192463541657,497.377742929375
SE-Deg,2020-08-10,12.5389409375,15.131197916666666,-8.734380697916656,460.83983309791665
SE-Deg,2020-08-11,12.767966,14.844427083333333,-9.228520276041657,455.301490695
SE-Deg,2020-08-12,13.461144770833334,14.861770833333333,-9.384593338541658,317.0406658458333
SE-Deg,2020-08-13,14.591329375,15.246979166666666,-9.480856463541656,240.39273268958334
SE-Deg,2020-08-14,15.886908333333333,15.401510416666667,-9.68783760937499,301.60486007125
SE-Deg,2020-08-15,15.159506458333333,15.011354166666667,-10.166515046874997,366.98750398333334
SE-Deg,2020-08-16,12.956723875,14.408125,-10.834242140625,478.2213232769375
SE-Deg,2020-08-17,10.876104416666667,13.486822916666666,-11.56155840625,476.1796736354167
SE-Deg,2020-08-18,12.022002270833333,13.254583333333333,-12.422739911458333,469.4419583827083
SE-Deg,2020-08-19,17.493413958333335,14.490572916666666,-12.726516729166667,351.6519498020833
SE-Deg,2020-08-20,17.155682708333334,15.233437499999999,-13.0585649375,380.42913139166666
SE-Deg,2020-08-21,16.976646875,15.377708333333333,-13.516011947916667,396.04200464791666
SE-Deg,2020-08-22,17.065994791666668,15.60515625,-13.537930135416667,250.54460282083335
SE-Deg,2020-08-23,13.511224270833333,15.199791666666666,-13.062417604166667,244.33155023333333
SE-Deg,2020-08-24,9.23475375,13.79140625,-13.62394309375,388.58376329375
SE-Deg,2020-08-25,8.746431597916667,12.62921875,-14.2318510625,348.22016197625
SE-Deg,2020-08-26,8.486937229166667,12.315,-14.507136947916667,301.98142271372916
SE-Deg,2020-08-27,7.097808594791667,11.53734375,-14.951020385416667,363.2182130880625
SE-Deg,2020-08-28,8.48436783125,11.3653125,-15.243231739583333,264.5752644389375
SE-Deg,2020-08-29,9.729747479166667,11.656875,-15.456134552083332,274.97372215
SE-Deg,2020-08-30,8.03200129375,11.220885416666667,-15.22120528125,276.169007125
SE-Deg,2020-08-31,9.7078078125,11.647864583333334,-14.90804496875,289.43141822291665
SE-Deg,2020-09-01,7.715493145833333,10.744947916666666,-15.81153465625,382.9144069559699
SE-Deg,2020-09-02,10.958177166666667,10.7853125,-16.140852677083334,322.46795852708334
SE-Deg,2020-09-03,11.068369416666666,11.395833333333334,-15.894484760416667,144.24633919145833
SE-Deg,2020-09-04,13.161121458333334,12.180520833333333,-13.295077380208333,138.72397580833334
SE-Deg,2020-09-05,11.867996166666666,12.3425,-10.814304312500001,195.21901591666668
SE-Deg,2020-09-06,9.132820583333332,11.40546875,-10.951178453125,238.12456284583334
SE-Deg,2020-09-07,10.346825625,11.312447916666667,-11.617963520833333,288.2972987875
SE-Deg,2020-09-08,10.425619854166667,11.289427083333333,-11.295960286458333,214.402795546875
SE-Deg,2020-09-09,9.917909791666666,10.8734375,-11.814544833333333,284.0425111833333
SE-Deg,2020-09-10,8.2166353125,10.419895833333333,-12.363277682291667,274.6342752022917
SE-Deg,2020-09-11,7.750437958333333,9.768541666666666,-13.008052807291667,299.7126807145833
SE-Deg,2020-09-12,9.4327816875,10.18078125,-11.949513958333334,227.74784715416666
SE-Deg,2020-09-13,8.5771948125,10.082395833333333,-12.475810703125,255.431259213125
SE-Deg,2020-09-14,8.184941708333334,9.402864583333333,-13.43243528125,292.85200438979166
SE-Deg,2020-09-15,7.8537136875,8.913177083333332,-13.97946871875,261.31810119166664
SE-Deg,2020-09-16,5.4433355,8.540635416666667,-8.176496921875,38.30975891666667
SE-Deg,2020-09-17,6.166158979166667,7.787208333333333,-7.169687760416667,226.00620664583332
SE-Deg,2020-09-18,9.452666583333333,7.8539375,-7.159014895833344,230.51927491083333
SE-Deg,2020-09-19,8.200218187499999,7.925229166666667,-7.56451060937502,222.75452316383596
SE-Deg,2020-09-20,7.242112708333333,7.442911458333334,-7.492204302083351,132.44314583970834
SE-Deg,2020-09-21,8.813832791666666,7.421822916666667,-7.074686447916677,48.5150496774375
SE-Deg,2020-09-22,6.8478416875,7.459692708333334,-7.3415803854166795,190.28630725610415
SE-Deg,2020-09-23,9.201212729166667,7.868479166666667,-6.659092854166676,148.68693281875
SE-Deg,2020-09-24,7.131251979166667,8.36078125,-6.29628300000001,29.233609677083333
SE-Deg,2020-09-25,8.026524770833333,8.599567708333334,-6.237134505208344,218.65373287145835
SE-Deg,2020-09-26,5.0031133125,7.605005208333333,-5.952421411458343,50.45437348958333
SE-Deg,2020-09-27,4.950446708333334,7.199713541666667,-4.034890755677087,39.27809654791667
SE-Deg,2020-09-28,7.917937458333333,7.929916666666667,-3.81937652375,76.0784459625
SE-Deg,2020-09-29,9.281385458333334,9.05640625,-3.90393721890625,116.527118808125
SE-Deg,2020-09-30,9.661067291666667,9.55484375,-4.055554921072917,33.68651223
SE-Deg,2020-10-01,8.224260416666667,9.578020833333333,-4.351436541927091,55.5105247625
SE-Deg,2020-10-02,7.643772583333334,9.09890625,-4.695003782291677,75.48981542527083
SE-Deg,2020-10-03,8.60611875,9.102083333333333,-4.952710716145844,150.71389102833334
SE-Deg,2020-10-04,8.7202058125,8.951458333333333,-5.09535073906251,32.40278582175
SE-Deg,2020-10-05,8.681460270833334,8.739114583333333,-4.680880667239591,14.857449735416667
SE-Deg,2020-10-06,9.337083291666666,9.10359375,-3.5621613910937584,18.96913695625
SE-Deg,2020-10-07,9.5291805,9.469114583333333,-0.861830799479175,22.257877014166667
SE-Deg,2020-10-08,9.23614525,9.585052083333334,-0.25156795447917274,31.70538335625
SE-Deg,2020-10-09,8.330654645833333,9.44875,0.1957910486979092,38.153551479166666
SE-Deg,2020-10-10,7.6428777708333335,9.07234375,1.2246694213541578,96.72361787708333
SE-Deg,2020-10-11,5.803484604166667,8.202817708333333,0.5940633412760348,21.102599246458333
SE-Deg,2020-10-12,4.777309666666667,7.5577604166666665,-0.052745307968755296,56.255351350250805
SE-Deg,2020-10-13,3.4166469520833336,6.8940625,-0.8810674230208404,61.32604545833333
SE-Deg,2020-10-14,2.594615360416667,5.439369791666667,-1.5530565355208392,120.17401627145834
SE-Deg,2020-10-15,3.6733823958333334,4.730317708333334,-1.8980904513541668,59.1002048905625
SE-Deg,2020-10-16,2.785770100416667,4.596067708333333,-2.1603251723958334,110.82968683333333
SE-Deg,2020-10-17,3.137153823125,4.30053125,-2.2876685416666667,54.10327873316667
SE-Deg,2020-10-18,-1.9316129354166667,3.1229114583333333,-2.4566525686041665,33.36389960290364
SE-Deg,2020-10-19,-1.9185785375,2.536140625,-2.235769884375,48.89377917858334
SE-Deg,2020-10-20,-5.456081645833334,2.3754114583333332,-2.489800916666667,88.45241162541667
SE-Deg,2020-10-21,-0.7861283752,2.245734375,-2.2146537864583333,35.88100503714583
SE-Deg,2020-10-22,-1.40179611357337,2.0388229166666667,-1.0954811354166663,28.864125952178533
SE-Deg,2020-10-23,-2.9871792708333333,1.8734895833333334,-0.9280548020833326,108.65416031458334
SE-Deg,2020-10-24,-5.764999041666667,1.7143177083333334,-1.3653296041666667,90.98430323958334
SE-Deg,2020-10-25,-3.30334494375,1.5089895833333333,-1.1274156093749985,25.8171283
SE-Deg,2020-10-26,4.784338833333333,1.7452291666666666,1.2961891909375078,28.240902875
SE-Deg,2020-10-27,3.9608274375,2.6184479166666668,1.5311772236979173,26.129910539583335
SE-Deg,2020-10-28,5.319303770833334,3.7873437500000002,1.1283474520833334,22.407929120833334
SE-Deg,2020-10-29,4.9060696041666665,4.38971875,0.3752897322708363,28.57019153125
SE-Deg,2020-10-30,-0.7466791029166667,2.991984375,-0.4527685526041633,40.84974438166667
SE-Deg,2020-10-31,1.3442398022916666,2.379354166666667,-0.6076721572916646,15.191342608333333
SE-Deg,2020-11-01,5.379825375,3.7199166666666668,-0.5105725838541656,8.734012729166666
SE-Deg,2020-11-02,7.556803833333333,5.44053125,1.8780623544166668,3.9140374354166667
SE-Deg,2020-11-03,3.7601746875,4.335816716269841,1.5161161760416666,40.56697932083333
SE-Deg,2020-11-04,2.2102643333333334,2.3871666666666664,0.4941393253385436,49.582038066125
SE-Deg,2020-11-05,4.070755020833333,2.482177083333333,0.19719905411458602,40.584335152083334
SE-Deg,2020-11-06,6.817832666666667,2.858234375,-0.6517829822916638,33.7393315876875
SE-Deg,2020-11-07,5.787207263333333,3.9662447916666665,-1.159369914583333,49.094661824999996
SE-Deg,2020-11-08,-0.26159623889583333,2.1404427083333335,-1.6356094130208334,42.4503125193125
SE-Deg,2020-11-09,0.6379720505416667,1.3452291666666667,-1.7691909302083333,33.95651946666667
SE-Deg,2020-11-10,-2.8315267047916666,1.0370208333333333,-1.7633392083333332,24.55041378
SE-Deg,2020-11-11,0.6480325870833333,0.9336458333333333,-1.8350945510416667,20.130221095416665
SE-Deg,2020-11-12,0.5401497177083333,0.985859375,-1.951225046875,13.654727419375
SE-Deg,2020-11-13,2.1792775625,1.2001770833333334,-1.9865246458333332,9.8182856025625
SE-Deg,2020-11-14,4.185341875,1.76578125,-1.5173844739583333,6.001170525
SE-Deg,2020-11-15,4.6526699375,2.8678020833333333,-1.6137468697916666,7.330517795833333
SE-Deg,2020-11-16,4.870270041666666,3.8982447916666665,-1.18480959375,4.524328818541667
SE-Deg,2020-11-17,5.364763458333333,4.6117083333333335,-0.9869332343750005,6.2931889635625
SE-Deg,2020-11-18,1.872371296875,3.499483287634519,-1.0703022265625,13.924334360833333
SE-Deg,2020-11-19,-3.0046129135416666,2.129390625,-0.16350489427082912,5.119325910416666
SE-Deg,2020-11-20,-3.9381646875,1.6638229166666667,-0.10882993489582922,17.330780420833335
SE-Deg,2020-11-21,-2.4893789509583333,1.3511822916666667,-0.18902815312499602,4.608462841645833
SE-Deg,2020-11-22,0.774831403875,1.2928333333333333,-0.010743937499995415,12.082606854333333
SE-Deg,2020-11-23,0.080928271875,1.3086614583333334,-0.4551630989583306,14.670333712895834
SE-Deg,2020-11-24,-6.3133385833333335,1.18515625,-0.7871669531249982,17.100999873125
SE-Deg,2020-11-25,0.571985041875,0.9822065972222223,0.11268454458333839,4.61069711875
SE-Deg,2020-11-26,-1.3584356710416667,0.9996354166666667,0.8481739793020922,14.586199796666666
SE-Deg,2020-11-27,-7.7034531875,1.1076197916666666,0.9438970307291744,14.456338533958334
SE-Deg,2020-11-28,-6.552284541666666,0.9817239583333334,1.3212651369791666,12.097183330041666
SE-Deg,2020-11-29,-6.416802958333333,1.1330364583333334,1.7144668015625,9.8255891776875
SE-Deg,2020-11-30,-2.259059452083333,1.1125989583333333,2.1327588296875,6.2508773625
SE-Deg,2020-12-01,-5.5464670875,1.0785625,NA,6.749165008333333
SE-Deg,2020-12-02,-3.870830659791667,1.0685833333333332,NA,4.207609258333333
SE-Deg,2020-12-03,0.17113523125,1.0451875,NA,2.241416854791667
SE-Deg,2020-12-04,-0.97999495625,1.0266458333333333,NA,4.133684289166666
SE-Deg,2020-12-05,0.2923708566666667,1.0017239583333333,NA,2.1362621833333333
SE-Deg,2020-12-06,2.7311090416666666,0.9510885416666667,NA,1.7748385724791667
SE-Deg,2020-12-07,2.059484320833333,0.9138125,NA,2.3473450104375
SE-Deg,2020-12-08,-0.11289627308333333,0.876015625,NA,1.8769111041666666
SE-Deg,2020-12-09,-0.10166881166666666,0.8486197916666667,NA,2.5659657479166667
SE-Deg,2020-12-10,0.26145652458333335,0.8511145833333333,NA,2.313681678125
SE-Deg,2020-12-11,-2.219676625,0.849796875,NA,2.739452372708333
SE-Deg,2020-12-12,-4.90722225,0.8525885416666666,NA,1.7508028172916665
SE-Deg,2020-12-13,-2.2492614375,0.8437239583333334,NA,0.9285365541666667
SE-Deg,2020-12-14,-1.8268802708333334,0.8384739583333334,NA,1.1913231520833334
SE-Deg,2020-12-15,-1.028209400625,0.8264947916666666,NA,1.78509375625
SE-Deg,2020-12-16,-3.2591274875,0.8119010416666667,NA,3.6130782942499997
SE-Deg,2020-12-17,-3.6088993333333335,0.8046197916666666,NA,1.90145661875
SE-Deg,2020-12-18,-2.4790117708333335,0.8014791666666666,NA,2.3226305135416667
SE-Deg,2020-12-19,-0.3422187495833333,0.79784375,NA,1.512331513125
SE-Deg,2020-12-20,1.42749239375,0.7916197916666666,NA,2.8215327625
SE-Deg,2020-12-21,2.168901389583333,0.7630625,NA,3.0651275479166666
SE-Deg,2020-12-22,-0.7619602843750001,0.7477291666666667,NA,5.312671302291667
SE-Deg,2020-12-23,-0.5362916120833333,0.73458854166666665,NA,2.0105959395833333
SE-Deg,2020-12-24,-2.3189195666666667,0.7098489583333333,NA,3.7619947083333334
SE-Deg,2020-12-25,-5.939744145833333,0.7148333333333333,NA,2.7710443358333334
SE-Deg,2020-12-26,-6.493538375,0.7372864583333333,NA,2.6069756291666666
SE-Deg,2020-12-27,-0.9732736589583333,0.7358541666666667,NA,2.5350682066666668
SE-Deg,2020-12-28,-1.2254984532145834,0.7301614583333333,NA,1.1496264708333332
SE-Deg,2020-12-29,-1.6753208541666667,0.7286145833333333,NA,2.8878902625
SE-Deg,2020-12-30,-2.8127020833333334,0.7259479166666667,NA,3.64959685
SE-Deg,2020-12-31,-5.22160125,0.7082864583333334,NA,4.3567698875
SE-Deg,2021-01-01,-5.007063666666666,0.6840520833333333,NA,2.356136
SE-Deg,2021-01-02,-9.099331645833333,0.6815885416666667,NA,2.628397666666667
SE-Deg,2021-01-03,-9.5722541875,0.6772291666666667,NA,5.969586541666667
SE-Deg,2021-01-04,-11.931280541666666,0.6713072916666667,NA,6.8870794166666665
SE-Deg,2021-01-05,-18.35023875,0.6652760416666667,NA,4.982746791666667
SE-Deg,2021-01-06,-10.713472708333333,0.6546510416666667,NA,2.3265830833333334
SE-Deg,2021-01-07,-8.996198020833333,0.6504270833333333,NA,1.6248983125
SE-Deg,2021-01-08,-8.748751125,0.6420260416666667,NA,1.6469909583333333
SE-Deg,2021-01-09,-5.173323833333334,0.6380625,NA,1.8121335833333332
SE-Deg,2021-01-10,-5.621287166666667,0.6315833333333334,NA,3.698278833333333
SE-Deg,2021-01-11,-8.275727166666666,0.640375,NA,6.9829986250000005
SE-Deg,2021-01-12,-5.499552479166667,0.633375,NA,2.7757830208333334
SE-Deg,2021-01-13,-14.6245308125,0.6019947916666667,NA,5.899852520833333
SE-Deg,2021-01-14,-19.874288958333334,0.5611041666666666,NA,10.8367459375
SE-Deg,2021-01-15,-11.38124975,0.5588177083333333,NA,12.2231559375
SE-Deg,2021-01-16,-9.710250854166667,0.5615,NA,14.1354990625
SE-Deg,2021-01-17,-18.323371958333333,0.5627552083333334,NA,16.705218666666667
SE-Deg,2021-01-18,-22.945896041666668,0.5562239583333334,NA,16.045616145833332
SE-Deg,2021-01-19,-19.585524791666668,0.5580572916666666,NA,10.290416833333333
SE-Deg,2021-01-20,-10.559865875,0.556,NA,5.091568625
SE-Deg,2021-01-21,-6.905089604166666,0.5472604166666667,NA,4.878780083333333
SE-Deg,2021-01-22,-4.790287458333333,0.5452135416666667,NA,5.632304291666666
SE-Deg,2021-01-23,-7.556174104166667,0.54784375,NA,11.758935604166666
SE-Deg,2021-01-24,-11.844249375,0.541109375,NA,9.306595604166667
SE-Deg,2021-01-25,-10.812506645833333,0.536921875,NA,14.6802493125
SE-Deg,2021-01-26,-12.204648541666666,0.5211180555555556,NA,16.624710208333333
SE-Deg,2021-01-27,-12.400932291666667,0.51875,NA,11.925264916666666
SE-Deg,2021-01-28,-11.764129166666667,0.5209409722222222,NA,17.387374916666666
SE-Deg,2021-01-29,-23.062362291666666,0.5301927083333333,NA,24.803782916666666
SE-Deg,2021-01-30,-17.08537625,0.5398177083333333,NA,13.985833041666666
SE-Deg,2021-01-31,-13.248571875,0.5513645833333334,NA,20.876001208333335
SE-Deg,2021-02-01,-13.544777916666666,0.5591354166666667,NA,21.7304345
SE-Deg,2021-02-02,-19.969342916666665,0.5531145833333333,NA,27.58486452083333
SE-Deg,2021-02-03,-13.559408333333334,0.563140625,NA,31.349659916666667
SE-Deg,2021-02-04,-11.193098375,0.5697760416666666,NA,24.198543145833334
SE-Deg,2021-02-05,-9.136254791666667,0.5764131944444444,NA,21.9805066875
SE-Deg,2021-02-06,-9.929124354166667,0.5830833333333333,NA,21.885294604166667
SE-Deg,2021-02-07,-9.766503708333333,0.5913385416666667,NA,31.063294499999998
SE-Deg,2021-02-08,-10.657606583333333,0.5922552083333333,NA,24.090138354166665
SE-Deg,2021-02-09,-12.744306375,0.5951979166666667,NA,18.196966770833335
SE-Deg,2021-02-10,-15.771455833333333,0.5871197916666667,NA,76.75489147916666
SE-Deg,2021-02-11,-14.259504541666667,0.58009375,NA,57.463799145833335
SE-Deg,2021-02-12,-5.479944708333333,0.5784270833333334,NA,42.09773104166667
SE-Deg,2021-02-13,-5.591387625,0.5802864583333334,NA,59.352329875
SE-Deg,2021-02-14,-12.170214520833333,0.5802135416666667,NA,74.96202095833333
SE-Deg,2021-02-15,-12.464123895833334,0.5844947916666666,NA,81.34071141666666
SE-Deg,2021-02-16,-13.933759604166667,0.585234375,NA,84.58410629166667
SE-Deg,2021-02-17,-22.194952708333332,0.5767708333333333,NA,84.06962675
SE-Deg,2021-02-18,-9.457202041666667,0.5813645833333333,NA,42.97329525
SE-Deg,2021-02-19,-7.484740395833334,0.5835,NA,36.12918329166667
SE-Deg,2021-02-20,-4.8032971875,0.58521875,NA,34.064557604166666
SE-Deg,2021-02-21,-11.591722083333334,0.5770833333333333,NA,22.857695645833335
SE-Deg,2021-02-22,-12.707130833333334,0.5874010416666666,NA,41.1272845625
SE-Deg,2021-02-23,-5.402999875,0.603421875,NA,48.04254266666666
SE-Deg,2021-02-24,-0.9280260416666667,0.60959375,NA,48.8331849375
SE-Deg,2021-02-25,2.845056083333333,0.6128750000000001,NA,117.58810135416667
SE-Deg,2021-02-26,2.0662658125,0.6162916666666667,NA,121.56463895833333
SE-Deg,2021-02-27,0.08055127083333334,0.60809375,NA,62.11908625
SE-Deg,2021-02-28,4.068625229166667,0.6138541666666667,NA,95.0921761875
SE-Deg,2021-03-01,3.1333964583333334,0.6006197916666667,NA,124.23095927083334
SE-Deg,2021-03-02,1.027769,0.5920677083333333,NA,142.152182375
SE-Deg,2021-03-03,-0.7150248125,0.5939270833333333,NA,131.841851
SE-Deg,2021-03-04,-5.060043625,0.5918854166666667,NA,151.61350225
SE-Deg,2021-03-05,-7.615009020833333,0.5858802083333333,NA,158.55438654166667
SE-Deg,2021-03-06,-3.3574615833333334,0.6036302083333334,NA,100.83643745833334
SE-Deg,2021-03-07,-5.314656770833333,0.5965833333333334,NA,90.85264329166667
SE-Deg,2021-03-08,-7.8716443541666665,0.5931510416666667,NA,115.32910104166666
SE-Deg,2021-03-09,-9.9642125,0.5904010416666666,NA,162.26843987499998
SE-Deg,2021-03-10,-15.172786479166668,0.5966927083333333,NA,185.10203845833334
SE-Deg,2021-03-11,-6.3098218125,0.6100989583333334,NA,43.532802374999996
SE-Deg,2021-03-12,-4.551194208333333,0.6163645833333333,NA,98.168126375
SE-Deg,2021-03-13,-3.5353603958333335,0.6347916666666666,NA,77.89275947916667
SE-Deg,2021-03-14,-2.7749801875,0.6617239583333333,NA,113.07565920833333
SE-Deg,2021-03-15,-1.5378607708333334,0.6398020833333333,NA,121.60330577083333
SE-Deg,2021-03-16,-3.4104320833333333,0.6140052083333334,NA,210.93182597916666
SE-Deg,2021-03-17,-4.3548089375,0.6216614583333333,NA,189.19081295833334
SE-Deg,2021-03-18,-7.284845979166667,0.6194479166666667,NA,226.51727520833333
SE-Deg,2021-03-19,-8.400879,0.6384739583333333,NA,180.13197875
SE-Deg,2021-03-20,2.0447814166666665,0.6544947916666667,NA,80.10580316666666
SE-Deg,2021-03-21,-1.7339221041666666,0.6584479166666667,NA,247.81902520833333
SE-Deg,2021-03-22,-1.6705521666666667,0.6715052083333334,NA,168.8583846875
SE-Deg,2021-03-23,4.6757954375,0.694578125,NA,193.19690175
SE-Deg,2021-03-24,3.9968091041666667,0.6750364583333334,NA,208.09608958333334
SE-Deg,2021-03-25,1.6423349375,0.6201770833333333,NA,251.8510620625
SE-Deg,2021-03-26,-0.015789020833333382,0.6041197916666666,NA,281.51461352083334
SE-Deg,2021-03-27,1.4909021041666668,0.5970677083333333,NA,176.51853379166667
SE-Deg,2021-03-28,0.7624801458333333,0.571015625,NA,74.17710933333333
SE-Deg,2021-03-29,0.7910060208333334,0.5628854166666667,NA,107.83565739583334
SE-Deg,2021-03-30,3.4834595416666665,0.5628125,NA,243.284604375
SE-Deg,2021-03-31,2.526394041666667,0.562578125,NA,293.9121111041667
SE-Deg,2021-04-01,1.57068975,0.5872135416666666,NA,237.03971233333334
SE-Deg,2021-04-02,1.0106042083333333,0.6076145833333333,NA,222.71737810416667
SE-Deg,2021-04-03,0.564473,0.6185729166666667,NA,203.9917481875
SE-Deg,2021-04-04,3.517103666666667,0.6323854166666667,NA,147.76771852083334
SE-Deg,2021-04-05,-0.10982602083333333,0.6454166666666666,NA,290.2018186875
SE-Deg,2021-04-06,-0.585706375,0.6761770833333334,NA,259.00490122916665
SE-Deg,2021-04-07,-0.031179583333333337,0.6848177083333333,NA,321.89441354166667
SE-Deg,2021-04-08,-2.7732016875,0.6917552083333334,NA,342.06436979166665
SE-Deg,2021-04-09,-1.3850427083333332,0.700375,NA,138.3203019375
SE-Deg,2021-04-10,-2.2351541249999998,0.691875,NA,344.0701474375
SE-Deg,2021-04-11,-0.13852437500000006,0.680703125,NA,387.71934227083335
SE-Deg,2021-04-12,-2.001982395833333,0.6750625,NA,101.0267380625
SE-Deg,2021-04-13,-1.5479052291666666,0.681546875,NA,164.3843060625
SE-Deg,2021-04-14,-1.3563118125,0.6556458333333334,NA,368.73675210416667
SE-Deg,2021-04-15,1.5980672291666667,0.6600729166666667,NA,404.35456208333335
SE-Deg,2021-04-16,2.2884744583333334,0.6553177083333334,NA,422.83326545833336
SE-Deg,2021-04-17,3.2752651250000002,0.6774739583333333,NA,426.4757033541667
SE-Deg,2021-04-18,4.797893791666667,0.6745625,NA,431.81525614583336
SE-Deg,2021-04-19,4.799479979166667,0.6955625,NA,385.2156933333333
SE-Deg,2021-04-20,5.986034166666666,0.7131302083333333,NA,433.01494614583333
SE-Deg,2021-04-21,3.6267191875,0.6798854166666667,NA,308.46488277083336
SE-Deg,2021-04-22,1.2067413125,0.6206145833333333,NA,371.66977839583336
SE-Deg,2021-04-23,-0.26911345833333333,0.5922604166666666,NA,160.55243820833334
SE-Deg,2021-04-24,-0.7179411041666667,0.5607552083333334,NA,264.33711189583335
SE-Deg,2021-04-25,-0.4189071875,0.5538072916666666,NA,269.96816260416665
SE-Deg,2021-04-26,0.7521130208333333,0.6001875,NA,467.2258958333333
SE-Deg,2021-04-27,0.26100104166666666,1.1322708333333333,NA,343.3878696666667
SE-Deg,2021-04-28,-0.8165243541666667,1.4017083333333333,NA,350.0551688333333
SE-Deg,2021-04-29,0.43599685416666667,1.4688541666666666,NA,412.6260020208333
SE-Deg,2021-04-30,0.7584418125,1.473296875,NA,403.81613891666666
SE-Deg,2021-05-01,-0.4482973541666667,1.3101510416666666,5.075877011458323,401.9031205
SE-Deg,2021-05-02,0.34970395833333334,1.4862604166666666,5.11993819531249,403.93831991666667
SE-Deg,2021-05-03,0.9658896458333334,1.9254791666666666,5.00563304531249,377.0736554791667
SE-Deg,2021-05-04,1.7604177916666666,2.1401614583333335,4.804720088541656,441.6718249791667
SE-Deg,2021-05-05,0.8998538541666666,2.0674375,4.178434286458327,442.522479125
SE-Deg,2021-05-06,-0.26254379166666664,1.8563854166666667,3.432972208333333,308.8096048125
SE-Deg,2021-05-07,0.193568125,2.061609375,3.0042755364583336,395.3712686458333
SE-Deg,2021-05-08,1.7878847916666667,2.62509375,2.6880505052083334,474.69198885416665
SE-Deg,2021-05-09,3.983573145833333,3.937052083333333,2.421871578125,508.49360314583333
SE-Deg,2021-05-10,3.4727786875,4.692963541666667,2.46232446875,115.49144929166667
SE-Deg,2021-05-11,7.8287101041666665,6.685666666666667,2.092177796875,290.25794352083335
SE-Deg,2021-05-12,11.297113645833333,9.671244791666666,2.5021647656250035,463.061071625
SE-Deg,2021-05-13,15.001467791666666,11.713854166666668,2.302238062500001,551.1877893541666
SE-Deg,2021-05-14,8.144798229166666,11.3571875,1.6663012552083334,227.7785491875
SE-Deg,2021-05-15,6.636432854166666,9.470666666666666,1.2978015197916666,228.4671464375
SE-Deg,2021-05-16,8.449343270833333,10.657947916666666,0.9043909432291659,314.88659289583336
SE-Deg,2021-05-17,7.5940353125,10.801822916666667,0.8069630572916662,229.34515735416667
SE-Deg,2021-05-18,8.429561791666666,11.081197916666667,0.7082836947916668,372.08835527083335
SE-Deg,2021-05-19,9.372242708333333,10.7753125,-1.0024412244791658,299.33571320833335
SE-Deg,2021-05-20,10.915319416666666,11.196041666666666,-1.52612132515625,571.5729868333333
SE-Deg,2021-05-21,5.735212583333333,10.492864583333333,-1.7093658379515626,236.18837570833333
SE-Deg,2021-05-22,1.0539428125,7.777890625,-1.0746805296875,177.7407013125
SE-Deg,2021-05-23,1.0500585416666666,6.951682291666667,-0.8923483984374991,215.45326660416666
SE-Deg,2021-05-24,5.526966375,8.024953125,-1.3048908625885414,341.36555079166664
SE-Deg,2021-05-25,8.80150775,9.931364583333334,-2.0177637439583336,473.676450875
SE-Deg,2021-05-26,7.9404113125,10.2578125,-2.5450680534843704,589.5511562916666
SE-Deg,2021-05-27,7.309690166666667,10.224791666666667,-3.1701003812499935,621.3968897708334
SE-Deg,2021-05-28,9.218465958333333,10.60890625,-3.7569104505208335,627.7827415416667
SE-Deg,2021-05-29,8.344848770833334,10.949947916666666,-4.396060088541667,589.0967834166667
SE-Deg,2021-05-30,13.384523041666666,11.655416666666667,-4.942123447916667,612.8410362916667
SE-Deg,2021-05-31,12.937857083333334,12.843489583333334,-5.860628219270831,585.6918630208334
SE-Deg,2021-06-01,13.801550375,13.165989583333333,-6.008383942708323,584.4054932083334
SE-Deg,2021-06-02,15.921038333333334,13.876302083333334,-6.4967914687499855,635.9871546875
SE-Deg,2021-06-03,17.229473770833334,14.257395833333334,-7.098687968749985,637.2519340208333
SE-Deg,2021-06-04,18.172539166666667,14.577604166666667,-7.779477145833322,630.0070464791667
SE-Deg,2021-06-05,16.860326916666665,14.55296875,-8.24797164062499,447.66937483333334
SE-Deg,2021-06-06,16.857233541666666,15.045989583333334,-8.575465328124995,547.263833125
SE-Deg,2021-06-07,13.92349375,14.899947916666667,-8.617195255208328,312.28336875
SE-Deg,2021-06-08,15.011260208333333,14.709791666666666,-9.039492416666667,570.5826056875
SE-Deg,2021-06-09,15.252326208333333,15.738784722222222,-7.439734419323311,471.24223989583334
SE-Deg,2021-06-10,16.922555958333334,16.527326388888888,-5.150089698110671,621.6559722291667
SE-Deg,2021-06-11,17.142376458333334,16.458125000000006,-5.548118963541662,602.8521313541667
SE-Deg,2021-06-12,12.41584575,15.569583333333334,-4.271312166666665,197.61921204166666
SE-Deg,2021-06-13,11.086293229166667,13.913541666666665,-4.457996546875,533.5303379375
SE-Deg,2021-06-14,11.390865791666666,13.465694444444438,-4.847136166666663,316.726194125
SE-Deg,2021-06-15,10.959677354166667,13.556527777777774,-1.6449274309895834,471.97407672916665
SE-Deg,2021-06-16,8.474431979166667,12.26743055555556,-2.866400433333338,424.40799814583335
SE-Deg,2021-06-17,13.4138908125,13.12020833333333,-3.47169313125001,526.9588865625
SE-Deg,2021-06-18,12.653008895833333,13.891597222222227,-3.428163823958343,185.198301875
SE-Deg,2021-06-19,10.1142305,13.276249999999997,-3.605361844791674,267.91815233333335
SE-Deg,2021-06-20,10.14433175,12.96291666666667,-1.8291597458333333,188.01145783333334
SE-Deg,2021-06-21,13.353721416666666,13.614687499999992,-0.4153320751144415,194.88676304166665
SE-Deg,2021-06-22,13.05862875,14.278819444444444,0.1091344117708338,201.27098379166668
SE-Deg,2021-06-23,14.204466458333334,14.86326388888889,-0.04809928408333324,402.74510266666664
SE-Deg,2021-06-24,17.0570165625,16.442500000000003,-0.7863510369791649,516.0433075625
SE-Deg,2021-06-25,17.229949791666666,17.648750000000007,-1.5257356848958266,518.215535375
SE-Deg,2021-06-26,14.946737916666667,17.46187499999999,-2.2377239020833333,470.081312375
SE-Deg,2021-06-27,13.499675458333334,16.646319444444437,-2.822023620833336,431.85617475
SE-Deg,2021-06-28,14.653118604166666,16.23194444444444,-3.56548467812501,654.0595643125
SE-Deg,2021-06-29,14.024095395833333,16.379236111111112,-4.296308417708343,479.17728854166666
SE-Deg,2021-06-30,13.609444833333333,16.191874999999996,-4.957264402343757,460.47893872916666
SE-Deg,2021-07-01,15.676323875,16.073541666666664,-5.618705703124995,661.4314180208333
SE-Deg,2021-07-02,20.965268333333334,16.832361111111112,-6.277953302083318,661.3453719375
SE-Deg,2021-07-03,23.13429625,18.0465625,-7.059299890624971,640.261904875
SE-Deg,2021-07-04,21.652197083333334,18.636458333333334,-7.88478992187497,632.6138122916667
SE-Deg,2021-07-05,20.646333958333333,18.58385416666667,-8.732421401041643,635.6744174791667
SE-Deg,2021-07-06,19.799248125,18.383333333333333,-9.397683166666647,412.17841741666666
SE-Deg,2021-07-07,19.09403375,18.666458333333335,-9.924067968749991,425.9480310833333
SE-Deg,2021-07-08,19.622081041666668,18.5016871294019,-10.547592791666666,610.9347338333333
SE-Deg,2021-07-09,18.831353375,18.139020081487352,-11.373684552083333,596.3289565833334
SE-Deg,2021-07-10,17.668520354166667,18.0103125,-11.859079848958332,334.6158336875
SE-Deg,2021-07-11,17.496597083333334,17.930416666666666,-8.706206484374977,315.40777125
SE-Deg,2021-07-12,18.750865,18.061354166666668,-9.423724437499986,609.4087788541667
SE-Deg,2021-07-13,19.491611041666665,18.341458333333332,-10.592225333333333,610.1971397083333
SE-Deg,2021-07-14,19.768851041666668,18.75625,-11.432920885416667,442.2284730416667
SE-Deg,2021-07-15,17.632376041666667,18.699686576517422,-11.566609994791667,316.59330439583334
SE-Deg,2021-07-16,14.5882491875,17.441770833333333,-12.684018,558.3589764583334
SE-Deg,2021-07-17,16.348095625,16.811875,-13.0965474375,409.3098409583333
SE-Deg,2021-07-18,12.481038354166667,16.414791666666666,-8.40823582291665,466.6705029166667
SE-Deg,2021-07-19,12.331333729166667,15.435208333333334,-9.315808369791656,416.2265206875
SE-Deg,2021-07-20,12.060480416666667,14.7825,-10.476813291666666,489.74428293750003
SE-Deg,2021-07-21,11.834135625,14.133645833333334,-11.626014984375,507.52933735416667
SE-Deg,2021-07-22,13.056567,14.064583333333333,-12.362476973958334,291.56667029166664
SE-Deg,2021-07-23,12.800399041666667,13.746875,-13.250353645833334,529.7050197916667
SE-Deg,2021-07-24,14.751635104166667,14.00875,-13.872035354166666,471.39553704166667
SE-Deg,2021-07-25,19.126252708333332,14.961354166666666,-14.402373479166666,507.91334075000003
SE-Deg,2021-07-26,19.054086375,15.868958333333333,-14.87654759375,420.94886910416665
SE-Deg,2021-07-27,18.800141041666667,16.1575,-15.334635562499999,546.4509366458333
SE-Deg,2021-07-28,19.301733541666668,16.621875,-15.861758479166667,520.0489396458333
SE-Deg,2021-07-29,18.7797261875,16.709791666666668,-16.37721353125,508.83944825
SE-Deg,2021-07-30,13.603543333333333,16.329375,-11.58521268229166,77.50358616666666
SE-Deg,2021-07-31,14.418535,15.941354166666667,-7.582426015624986,285.34516054166664
SE-Deg,2021-08-01,12.494032020833334,15.977395833333333,-8.142168145833317,376.42877910416667
SE-Deg,2021-08-02,10.342784645833333,14.767916666666666,-9.598892460937492,540.6892807083333
SE-Deg,2021-08-03,11.357111645833333,14.255,-10.849158578125,513.0151854791667
SE-Deg,2021-08-04,11.5830255,13.754895833333332,-11.696241197916667,483.8665160625
SE-Deg,2021-08-05,13.043065333333333,13.76625,-12.42646984375,475.74251385416665
SE-Deg,2021-08-06,14.276816833333333,14.129479166666666,-13.199079895833334,514.8399545208333
SE-Deg,2021-08-07,14.5000321875,14.145833333333334,-13.948328229166666,502.8784380625
SE-Deg,2021-08-08,13.369359583333333,14.1115625,-13.1475146875,81.3456526875
SE-Deg,2021-08-09,13.908410416666667,14.292083333333334,-9.864906723958333,76.42263264583333
SE-Deg,2021-08-10,15.155022291666667,14.709895833333334,-8.451296885416667,281.3558901458333
SE-Deg,2021-08-11,15.699955395833333,15.328854166666666,-4.756549437850437,381.7626581041667
SE-Deg,2021-08-12,14.18209175,15.1240625,-7.442926286458333,466.22709291666666
SE-Deg,2021-08-13,14.58577375,15.146829814883235,-7.744824895833334,408.98432460416666
SE-Deg,2021-08-14,13.566373541666668,15.120104166666668,-6.562882187500005,143.12289925
SE-Deg,2021-08-15,12.338121875,15.087708333333333,-5.405696270833344,295.92393122916667
SE-Deg,2021-08-16,11.3627161875,14.764479166666666,-4.844714815104178,127.26738735416667
SE-Deg,2021-08-17,11.530739166666667,14.301340613104829,-5.363048187500005,348.27513079166664
SE-Deg,2021-08-18,12.721127916666667,14.3621875,-1.167223470126221,174.69756991666668
SE-Deg,2021-08-19,11.4940364375,14.312395833333333,-1.0762639716249907,174.303340375
SE-Deg,2021-08-20,12.369016270295909,14.171666666666667,0.02043022168763855,263.251039391086
SE-Deg,2021-08-21,10.330081327447264,13.608541666666667,1.6869877594459344,225.50628248470207
SE-Deg,2021-08-22,10.57573823636034,13.071458333333334,0.6762617335229838,246.25669622637338
SE-Deg,2021-08-23,7.209148333333333,12.669515223294841,-1.2350332606934664,278.66702422916666
SE-Deg,2021-08-24,7.3705181875,11.307395833333333,-2.3812888166145734,299.7561523125
SE-Deg,2021-08-25,8.481395354166667,11.289479166666666,-0.0509345670833285,62.6452933125
SE-Deg,2021-08-26,7.746551895833333,10.705104166666667,-0.3694573837916605,119.83322608333333
SE-Deg,2021-08-27,9.822962979166666,11.034375,-1.115714858015615,315.654285
SE-Deg,2021-08-28,9.784925083333333,11.394307472795969,-1.75994057812499,385.178781625
SE-Deg,2021-08-29,11.002123,11.8059375,-2.34569726718749,373.7064838333333
SE-Deg,2021-08-30,10.873144020833333,12.0890625,-2.9024203020833235,366.0830779166667
SE-Deg,2021-08-31,11.250578833333334,11.862395833333332,-3.402523710937498,305.98989275
SE-Deg,2021-09-01,8.345963145833334,10.7828125,-3.283696335167504,264.064924125
SE-Deg,2021-09-02,6.510287083333333,9.796979166666667,-3.746082810416665,126.00713077083333
SE-Deg,2021-09-03,6.581612708333333,9.464375,-3.0622621943372716,305.167031125
SE-Deg,2021-09-04,5.232406666666667,9.097708333333333,-2.6597322147599827,280.555108625
SE-Deg,2021-09-05,6.407316,8.885666666666667,-2.976705465493212,197.18957154166668
SE-Deg,2021-09-06,9.391329041666667,9.17125,-4.364691017048308,278.04386991666667
SE-Deg,2021-09-07,11.645703854166667,9.709999999999999,-4.985899744791674,98.46845964583333
SE-Deg,2021-09-08,13.692802291666666,10.732916666666666,-5.228894286458342,241.70348454166668
SE-Deg,2021-09-09,7.600026208333333,10.6275,-5.712300015625003,175.68990897916666
SE-Deg,2021-09-10,6.375798395833333,9.413020833333333,-5.862716869791668,250.72758620833332
SE-Deg,2021-09-11,8.2265945625,9.7716666666666665,-4.549761177083342,67.20754533333333
SE-Deg,2021-09-12,8.975282145833333,10.025729166666666,-3.985228807291672,39.795402708333334
SE-Deg,2021-09-13,6.728098270833334,9.501875,-3.9846960312500035,270.01852820833335
SE-Deg,2021-09-14,5.5487825,8.044979166666666,-4.808941489583338,287.260919125
SE-Deg,2021-09-15,2.812213041666667,7.54959375,-5.358921505208333,161.67580339583333
SE-Deg,2021-09-16,4.668302979166667,7.581145833333333,-5.599302729166666,131.30021641666667
SE-Deg,2021-09-17,4.3408315208333335,7.802322916666666,-5.733802739583333,112.55487633333334
SE-Deg,2021-09-18,4.603204145833333,7.690177083333333,-5.919918395833333,61.928839583333335
SE-Deg,2021-09-19,5.912259958333333,7.665010416666667,-6.1558050729166665,131.67577654166666
SE-Deg,2021-09-20,3.9633747318222823,7.735354166666666,-6.106937677083334,116.98734681165506
SE-Deg,2021-09-21,3.9509165833333335,7.5084583333333335,-5.7448061458333335,76.79393310958334
SE-Deg,2021-09-22,6.95697725,7.624583333333334,-4.92979521875,52.067476416666665
SE-Deg,2021-09-23,7.4922940208333335,8.184020833333333,-1.6588043549791625,32.091256725
SE-Deg,2021-09-24,5.5214098125,8.00146875,0.6426094741458412,36.16477275416667
SE-Deg,2021-09-25,4.9789971875,7.567270833333334,0.5306343382812552,105.88158146895833
SE-Deg,2021-09-26,7.165603229166667,7.112552083333333,-0.4260614442708252,193.3764404375
SE-Deg,2021-09-27,8.656065520833334,7.717302083333333,-1.1149817548489487,188.67633554166667
SE-Deg,2021-09-28,7.604390729166667,7.904885416666667,-1.6368021932291568,68.19885877083334
SE-Deg,2021-09-29,6.717141875,8.078145833333334,-2.054711066666657,49.661964166666664
SE-Deg,2021-09-30,6.329528041666666,7.9427916666666665,-2.2728367708333232,42.134400829166665
SE-Deg,2021-10-01,6.866637270833333,7.74071875,-1.8643703927083233,26.808405875833333
SE-Deg,2021-10-02,8.8071483125,8.235125,-1.5011087256249889,26.26750755833333
SE-Deg,2021-10-03,8.000679833333333,8.191145833333334,-1.9652523807291566,19.71702786875
SE-Deg,2021-10-04,9.311975375,8.587291666666667,-0.9422925810989493,30.93703494375
SE-Deg,2021-10-05,8.9469005,8.89125,-1.344847225396865,71.80459969041667
SE-Deg,2021-10-06,8.213284958333332,8.7053125,-0.18805338260416204,11.359848479375
SE-Deg,2021-10-07,8.457964458333333,8.815729166666667,0.6775240479635459,94.28576734166667
SE-Deg,2021-10-08,5.250251594375,7.6604375000000005,0.055466031250005966,53.178016854166664
SE-Deg,2021-10-09,9.66316825,7.419208333333334,-0.4924364061979099,144.11058537708334
SE-Deg,2021-10-10,9.445735625,8.4084375,-0.8693783590312404,41.79480548770833
SE-Deg,2021-10-11,5.511889854166666,8.301229166666667,-0.9788681826562401,99.87147849583333
SE-Deg,2021-10-12,3.6646085250000002,6.97759375,-1.4752342668489484,116.83930869166667
SE-Deg,2021-10-13,-0.3593903032083333,5.340895833333334,-1.85846142031249,126.64950931854167
SE-Deg,2021-10-14,2.535876422083333,4.3855208333333335,-1.63624224062499,25.69551335
SE-Deg,2021-10-15,2.90459309875,5.107645833333334,-0.5111192706770793,16.150489816666667
SE-Deg,2021-10-16,0.5171451663083333,3.6890312499999998,-0.028714736458337862,64.37156425416667
SE-Deg,2021-10-17,0.315052785,3.0446666666666666,-0.18740614739583736,93.4456424
SE-Deg,2021-10-18,-0.41681392708333337,2.839125,-0.5401159930364577,101.42554453125
SE-Deg,2021-10-19,-3.73133535,2.395677083333333,-0.7841161364583302,73.35402534854167
SE-Deg,2021-10-20,2.3141739904166667,2.3035,1.0349975713541635,28.876276323125
SE-Deg,2021-10-21,-1.2520037866666667,2.31078125,1.5831938249999962,33.23554125989583
SE-Deg,2021-10-22,-2.0138502708333332,1.98315625,1.7523326739583245,34.23118306090028
SE-Deg,2021-10-23,-6.4741215625,1.66625,1.7603953197916637,97.81179061458333
SE-Deg,2021-10-24,-2.9817882054166667,1.6257083333333333,1.1650568348958332,36.2194775375
SE-Deg,2021-10-25,-0.005887621041666665,1.74415625,1.5061277739583334,70.11314970833334
SE-Deg,2021-10-26,0.3813610264583333,1.8537083333333333,0.9991987265624993,42.40563466458333
SE-Deg,2021-10-27,-0.23936000625,1.8423854166666667,1.170628096354166,22.057656127083334
SE-Deg,2021-10-28,1.5414601575,1.9303958333333333,1.1618400130208333,28.67647495916667
SE-Deg,2021-10-29,2.5514468416666665,2.13540625,1.1222418703124992,33.34445015625
SE-Deg,2021-10-30,4.3030043749999995,2.4755,1.1829404187499946,18.787400260416668
SE-Deg,2021-10-31,2.4651460872916666,2.6320520833333334,1.0094413666666635,15.541547358333334
SE-Deg,2021-11-01,4.187924083333334,3.1529895833333335,1.5745701658648386,13.550998804166666
SE-Deg,2021-11-02,6.2026554166666665,4.4222311489762935,0.9009859974400596,8.011363133333333
SE-Deg,2021-11-03,4.585269458333333,5.030763888888889,0.6653955580115809,6.533466245833333
SE-Deg,2021-11-04,3.104399416666667,4.431359375,0.5951157890625006,9.55680215625
SE-Deg,2021-11-05,1.15925640625,3.5147447916666668,0.39982709895833335,28.662023395833334
SE-Deg,2021-11-06,-0.26377041104166665,1.4083541666666666,0.029249784895832128,49.75852240439583
SE-Deg,2021-11-07,-3.047218375,0.8207291666666666,-0.18618013206249928,26.188265053801246
SE-Deg,2021-11-08,-7.790605458333333,0.5701197916666667,0.3528691332187486,42.92108025833333
SE-Deg,2021-11-09,-3.8100741644583334,0.447953125,0.9358986541666607,11.923675651034099
SE-Deg,2021-11-10,-0.2960855104166667,0.39753125,1.1533509994791649,45.260627569375
SE-Deg,2021-11-11,0.40684105425,0.37106770833333336,1.37955991249999,23.556475044583333
SE-Deg,2021-11-12,0.14861009375,0.3632447916666667,1.3907804447916567,33.67577658916667
SE-Deg,2021-11-13,-5.9370703958333335,0.3714166666666667,1.8766739338541616,34.36732990833333
SE-Deg,2021-11-14,-8.156026604166666,0.35081249999999997,2.5853297255208334,35.6697125
SE-Deg,2021-11-15,-1.3820114510416668,0.28827604166666665,3.1987877708333334,23.09306984941713
SE-Deg,2021-11-16,0.06588635833333333,0.2763802083333333,3.250998854687501,17.256834897916665
SE-Deg,2021-11-17,1.8835872020833333,0.279734375,3.6322821520833375,8.959976825
SE-Deg,2021-11-18,-0.5056447060416667,0.2914375,4.020420741666667,26.059232358333333
SE-Deg,2021-11-19,-1.3473459166666666,0.28434895833333335,4.740598240625004,11.032429189583333
SE-Deg,2021-11-20,-0.47825315645833333,0.22992708333333334,4.999412388916675,20.511026654166667
SE-Deg,2021-11-21,-5.262385145833333,0.13600520833333332,5.3718282958333425,19.5631456125
SE-Deg,2021-11-22,-7.3194548125,-0.10086458333333333,6.577969337500017,7.949049425208333
SE-Deg,2021-11-23,-3.807860692083333,-0.185796875,7.0565058770833495,7.457565654166666
SE-Deg,2021-11-24,-4.274492374583334,-0.13209375,6.675295955208353,11.53242315625
SE-Deg,2021-11-25,-6.6251864375,-0.040989583333333336,7.2683917385416805,8.370555080333334
SE-Deg,2021-11-26,-18.161386041666667,-0.02178125,6.752398063541683,16.3025717
SE-Deg,2021-11-27,-18.54123729166667,-0.03904166666666667,6.513982772916687,4.090358275
SE-Deg,2021-11-28,-13.981301875,-0.031588541666666664,6.376150960416687,4.212367504166667
SE-Deg,2021-11-29,-13.699480479166667,-0.030432291666666667,6.372294402604177,5.864875520833333
SE-Deg,2021-11-30,-16.567324583333335,-0.032703125,6.8213259979166665,7.9133721291666665
SE-Deg,2021-12-01,-20.166271666666667,-0.037140625000000003,NA,13.456992633333334
SE-Deg,2021-12-02,-17.261340833333332,-0.045536458333333335,NA,4.115110779166667
SE-Deg,2021-12-03,-8.938716708333333,-0.037786458333333335,NA,1.8631926741666667
SE-Deg,2021-12-04,-14.588543458333334,-0.035078125,NA,14.201251075
SE-Deg,2021-12-05,-17.697079583333334,-0.048729166666666664,NA,7.358922189583334
SE-Deg,2021-12-06,-21.135385625,-0.061890625,NA,3.74928010625
SE-Deg,2021-12-07,-15.981469375,-0.04955208333333334,NA,3.1575935435416667
SE-Deg,2021-12-08,-15.606337104166666,-0.053796875,NA,2.3187665264583335
SE-Deg,2021-12-09,-6.768790770833333,-0.04719270833333333,NA,1.4945433979166667
SE-Deg,2021-12-10,-6.10425675,-0.040151041666666665,NA,0.94293516875
SE-Deg,2021-12-11,-4.2579979791666664,-0.03632291666666667,NA,0.645877059375
SE-Deg,2021-12-12,-2.4903467916666666,-0.03047916666666667,NA,0.9217731854166666
SE-Deg,2021-12-13,-4.918799770833333,-0.026734374999999998,NA,1.5688955
SE-Deg,2021-12-14,-5.030184291666667,-0.031697916666666666,NA,2.1341515020833333
SE-Deg,2021-12-15,-2.777079344375,-0.044223958333333334,NA,2.3489587014583333
SE-Deg,2021-12-16,-0.067491713125,-0.037734375,NA,5.388558608333334
SE-Deg,2021-12-17,0.606567076298145,-0.030046875,NA,6.207309464726583
SE-Deg,2021-12-18,1.8684296770833333,-0.025755208333333335,NA,5.076510566041667
SE-Deg,2021-12-19,-1.75952328125,-0.022,NA,3.0120134458333334
SE-Deg,2021-12-20,-10.718923791666667,-0.019494791666666667,NA,6.392284660416666
SE-Deg,2021-12-21,-15.934764375,-0.018911458333333332,NA,7.143667508125
SE-Deg,2021-12-22,-18.047137916666667,-0.044994791666666666,NA,5.4621403979166665
SE-Deg,2021-12-23,-10.215628666666667,-0.050484375,NA,3.0320472395833336
SE-Deg,2021-12-24,-11.438163270833334,-0.05155208333333333,NA,5.188187689583334
SE-Deg,2021-12-25,-10.1159769375,-0.06342708333333333,NA,6.281326250645833
SE-Deg,2021-12-26,-14.307484375,-0.07128125,NA,5.7107904625
SE-Deg,2021-12-27,-21.621458125,-0.11322916666666667,NA,6.745978988162274
SE-Deg,2021-12-28,-6.842783333333333,-0.11008333333333332,NA,3.7262956404166667
SE-Deg,2021-12-29,-4.914469791666667,-0.0535625,NA,2.4389418770833333
SE-Deg,2021-12-30,-4.6467725,-0.04858333333333333,NA,2.5275663791666667
SE-Deg,2021-12-31,-10.024950166666667,-0.04558333333333334,NA,3.81381265
SE-Deg,2022-01-01,-14.89726375,-0.06786458333333334,NA,3.8713975895833332
SE-Deg,2022-01-02,-6.0350798125,-0.08471354166666667,NA,1.6662805627083332
SE-Deg,2022-01-03,-5.6896256875,-0.05169270833333333,NA,2.49131106875
SE-Deg,2022-01-04,-6.414998395833333,-0.042083333333333334,NA,2.534551291875
SE-Deg,2022-01-05,-10.458002875,-0.04021875,NA,2.445958823333333
SE-Deg,2022-01-06,-10.5516164375,-0.049567708333333335,NA,4.4802191797083335
SE-Deg,2022-01-07,-16.596575416666667,-0.06088541666666667,NA,6.681576384791667
SE-Deg,2022-01-08,-19.00103208333333,-0.086875,NA,3.7000745889583335
SE-Deg,2022-01-09,-17.409332916666667,-0.08546354166666667,NA,3.904227434791667
SE-Deg,2022-01-10,-13.501694083333334,-0.0980625,NA,4.704188908541667
SE-Deg,2022-01-11,-3.27157525,-0.08800520833333333,NA,2.59493178125
SE-Deg,2022-01-12,-1.0774544316666668,-0.056109375,NA,10.870195539583333
SE-Deg,2022-01-13,0.9067759789583334,-0.04333854166666667,NA,6.990531708333333
SE-Deg,2022-01-14,-0.7405950622916667,-0.03421875,NA,10.47166149625
SE-Deg,2022-01-15,-2.4934914770833334,-0.029953125,NA,9.688817360416666
SE-Deg,2022-01-16,-0.46964872083333337,-0.027302083333333334,NA,4.5010664224375
SE-Deg,2022-01-17,-4.719041854166667,-0.02553125,NA,12.77365093125
SE-Deg,2022-01-18,-2.2749740458333334,-0.025291666666666667,NA,7.762724871666666
SE-Deg,2022-01-19,2.9087815104166665,-0.025447916666666667,NA,10.3745993176875
SE-Deg,2022-01-20,-4.344334166666667,-0.023776041666666668,NA,19.03830220625
SE-Deg,2022-01-21,-8.5653193125,-0.02278125,NA,20.71609585625
SE-Deg,2022-01-22,-7.864218220833333,-0.023239583333333334,NA,9.423160754166666
SE-Deg,2022-01-23,3.670454252083333,-0.026125,NA,19.346118772916668
SE-Deg,2022-01-24,2.087088860416667,-0.025052083333333332,NA,18.648320514791667
SE-Deg,2022-01-25,-4.650474208333334,-0.023322916666666665,NA,26.898305359166667
SE-Deg,2022-01-26,-6.857760399904658,-0.026364583333333334,NA,23.180488405792538
SE-Deg,2022-01-27,-6.324390186982056,-0.021613928324453403,NA,13.430989254447438
SE-Deg,2022-01-28,-5.8874527500000005,0.0590281443820357,NA,30.937729283333333
SE-Deg,2022-01-29,-4.25907475,0.04660228863073919,NA,11.501720338541666
SE-Deg,2022-01-30,-7.6627630625,0.053857556612616875,NA,22.758480325833332
SE-Deg,2022-01-31,-13.59592375,-0.008539720997324512,NA,36.69204193541667
SE-Deg,2022-02-01,-13.286231041666667,-0.087515625,NA,22.36844606875
SE-Deg,2022-02-02,-12.6545725,-0.08421875,NA,27.371694691666665
SE-Deg,2022-02-03,-17.608437708333334,-0.07447395833333333,NA,31.737107072916668
SE-Deg,2022-02-04,-5.4914278125,-0.08385416666666666,NA,11.150549414583333
SE-Deg,2022-02-05,-4.383277279166666,-0.05994791666666666,NA,48.60599931875
SE-Deg,2022-02-06,-4.377284604166666,-0.05008854166666667,NA,24.446089164583334
SE-Deg,2022-02-07,-6.724564604166667,-0.04759895833333334,NA,37.466680728125
SE-Deg,2022-02-08,-6.236490083333333,-0.04336458333333333,NA,27.229320663583334
SE-Deg,2022-02-09,-4.3303544375,-0.044125,NA,47.82497795958333
SE-Deg,2022-02-10,-2.44754871125,-0.044557291666666665,NA,57.039746118541665
SE-Deg,2022-02-11,-6.533421458333334,-0.04342708333333333,NA,64.98769476875
SE-Deg,2022-02-12,-6.20201325,-0.04454166666666667,NA,67.728507975
SE-Deg,2022-02-13,-1.8254068894166666,-0.04772395833333334,NA,35.75806798333333
SE-Deg,2022-02-14,-7.69552724375,-0.044515624999999996,NA,58.98965643333333
SE-Deg,2022-02-15,-8.941929333333333,-0.04217708333333334,NA,24.463301569166667
SE-Deg,2022-02-16,-7.449919104166667,-0.04615104166666666,NA,22.83539568333333
SE-Deg,2022-02-17,-6.35598925,-0.04659375,NA,42.42975511354167
SE-Deg,2022-02-18,-8.010501,-0.043390625,NA,52.464268085625
SE-Deg,2022-02-19,-10.483042875,-0.041567708333333335,NA,88.934296021875
SE-Deg,2022-02-20,-8.089254375,-0.046510416666666665,NA,59.15486457208333
SE-Deg,2022-02-21,-10.230955416666667,-0.050833333333333335,NA,32.47460074083333
SE-Deg,2022-02-22,-15.2678394375,-0.05138541666666667,NA,103.44507669375
SE-Deg,2022-02-23,-9.318782041666667,-0.06075,NA,53.383119575
SE-Deg,2022-02-24,-0.8077325264583334,-0.06905208333333333,NA,72.497746975
SE-Deg,2022-02-25,-3.779600916666667,-0.0591875,NA,103.64094822916667
SE-Deg,2022-02-26,-5.63585275,-0.05239583333333333,NA,119.24021675770834
SE-Deg,2022-02-27,-1.04120568125,-0.051234375,NA,115.794601255625
SE-Deg,2022-02-28,-0.05299933750000002,-0.05055208333333333,NA,135.79225321250001
SE-Deg,2022-03-01,-0.462251475,-0.048765625,NA,89.4704826575
SE-Deg,2022-03-02,1.9435587489583332,-0.047843750000000004,NA,114.55483072083334
SE-Deg,2022-03-03,-3.9581807485416665,-0.045119791666666666,NA,147.98308867708334
SE-Deg,2022-03-04,-8.031120270416666,-0.042895833333333334,NA,147.34398052035417
SE-Deg,2022-03-05,-4.19350156625,-0.0516875,NA,119.65597235
SE-Deg,2022-03-06,-0.5049397004166667,-0.06352083333333333,NA,142.067143786875
SE-Deg,2022-03-07,-3.5473732479166666,-0.058630208333333336,NA,79.8860278125
SE-Deg,2022-03-08,-1.217264531875,-0.05555729166666667,NA,114.876456424375
SE-Deg,2022-03-09,-3.49402025,-0.05109375,NA,99.834960775
SE-Deg,2022-03-10,0.23423864729166669,-0.046510416666666665,NA,140.08519218333333
SE-Deg,2022-03-11,2.1818006270833332,-0.043078125,NA,128.233558083125
SE-Deg,2022-03-12,-0.6998867875,-0.039413194444444445,NA,194.91540787375
SE-Deg,2022-03-13,-2.6817577416666665,-0.036536458333333334,NA,198.27245000833332
SE-Deg,2022-03-14,-2.41623091875,-0.03530034722222222,NA,168.44636729583334
SE-Deg,2022-03-15,-0.8071086729166668,-0.03903125,NA,217.78441753395833
SE-Deg,2022-03-16,-0.6813868812499999,-0.041817708333333335,NA,209.97558837291666
SE-Deg,2022-03-17,-0.10228396947916667,-0.038598958333333336,NA,190.03821591666667
SE-Deg,2022-03-18,1.4150054810416668,-0.03425,NA,156.72241608354167
SE-Deg,2022-03-19,4.1945987625,-0.031359375,NA,176.9375494875
SE-Deg,2022-03-20,5.203232245833333,-0.029015625,NA,240.54031219375
SE-Deg,2022-03-21,4.72527044375,-0.026791666666666665,NA,253.05725218535417
SE-Deg,2022-03-22,-0.23588783645833336,-0.024692708333333334,NA,249.48719488395832
SE-Deg,2022-03-23,3.2848628764583334,-0.023401041666666667,NA,246.175486989375
SE-Deg,2022-03-24,2.8603322925,-0.022390624999999997,NA,110.57207624081249
SE-Deg,2022-03-25,1.7233507191666666,-0.021468749999999998,NA,162.71217623125
SE-Deg,2022-03-26,-2.339474865,-0.02077604166666667,NA,241.03640310833333
SE-Deg,2022-03-27,-3.723003625,-0.018895833333333334,NA,85.89575334791667
SE-Deg,2022-03-28,-4.580572566041667,-0.017697916666666667,NA,161.36570277083334
SE-Deg,2022-03-29,-8.028061041666668,-0.016744791666666668,NA,289.7092306588125
SE-Deg,2022-03-30,-4.654660960416667,-0.016276041666666668,NA,212.892314228125
SE-Deg,2022-03-31,-7.323998895833333,-0.015895833333333335,NA,230.83781086916667
SE-Deg,2022-04-01,-7.169402104166667,-0.0153125,NA,246.924486661625
SE-Deg,2022-04-02,-3.7886890766041668,-0.014229166666666668,NA,179.00382783222918
SE-Deg,2022-04-03,-3.476847429583333,-0.012776041666666666,NA,236.20922648958333
SE-Deg,2022-04-04,-7.5423026875,-0.011515625,NA,169.70192584375
SE-Deg,2022-04-05,-7.915146208333334,-0.010760416666666666,NA,328.0891456354167
SE-Deg,2022-04-06,-3.6679425022916665,-0.010348958333333333,NA,193.42925617083333
SE-Deg,2022-04-07,-4.977049291666667,-0.009854166666666667,NA,160.2093493625
SE-Deg,2022-04-08,-2.7051013627083336,-0.00946875,NA,98.98912788125
SE-Deg,2022-04-09,-3.1661020604166668,-0.008833333333333334,NA,151.12944687
SE-Deg,2022-04-10,-5.960244791666667,-0.008520833333333333,NA,188.59843702291667
SE-Deg,2022-04-11,-1.1453285875,-0.008723958333333334,NA,343.93065014375003
SE-Deg,2022-04-12,-0.9899228541666666,-0.008744791666666666,NA,338.1781955104167
SE-Deg,2022-04-13,0.4969816125,-0.008583333333333333,NA,261.58432088958335
SE-Deg,2022-04-14,0.24011345208333332,-0.008421875,NA,379.9602682208333
SE-Deg,2022-04-15,-9.517220833333167e-4,-0.008567708333333333,NA,409.29563717083334
SE-Deg,2022-04-16,2.8632137395833333,-0.007651041666666667,NA,264.11593329041665
SE-Deg,2022-04-17,4.743597890625,-0.008088541666666667,NA,410.3328350375
SE-Deg,2022-04-18,5.11929960625,-0.008135416666666668,NA,403.144495719375
SE-Deg,2022-04-19,5.62286480625,-0.008015625,NA,429.89367077708334
SE-Deg,2022-04-20,5.1287255583333335,-0.00834375,NA,446.60327228541666
SE-Deg,2022-04-21,6.98100101875,-0.008328125,NA,449.2692119610625
SE-Deg,2022-04-22,5.364392547916666,-0.007208333333333333,NA,435.4945873125
SE-Deg,2022-04-23,3.8799096552083334,-0.006348958333333333,NA,292.03069732291664
SE-Deg,2022-04-24,2.7063019541666664,-0.0056875,NA,465.80997292291664
SE-Deg,2022-04-25,3.3387323625,-0.003848958333333333,NA,352.00001213958336
SE-Deg,2022-04-26,-0.4056423558333333,0.020072916666666666,NA,343.3215803847917
SE-Deg,2022-04-27,-1.7598030385416665,0.04171875,NA,387.3213344458333
SE-Deg,2022-04-28,-0.39972183333333333,0.037869791666666666,NA,324.72090041827084
SE-Deg,2022-04-29,0.04935142375,0.043432291666666664,NA,378.8884096740208
SE-Deg,2022-04-30,2.9294554895833333,0.12508333333333332,NA,258.56945788608334
SE-Deg,2022-05-01,3.2464770937500003,0.28491666666666665,1.1004583364583247,401.11548626385417
SE-Deg,2022-05-02,3.751087883333333,0.5181979166666667,1.450031611979161,370.93097110375
SE-Deg,2022-05-03,0.6434717175,0.4735,0.9718173249999961,361.3389295412917
SE-Deg,2022-05-04,1.5429455895833333,1.30746875,0.7665970609270751,499.6820609715625
SE-Deg,2022-05-05,5.177307129791667,2.185526041666667,0.7556357640781218,358.7667083375
SE-Deg,2022-05-06,7.289308791666667,3.9193333333333333,0.7135055092968798,495.5903888504167
SE-Deg,2022-05-07,5.626378614583333,3.7256197916666665,0.5960124727447949,383.027172169375
SE-Deg,2022-05-08,2.8125711435416667,2.7418697916666668,0.15027263333333257,425.91150112229167
SE-Deg,2022-05-09,6.4224145625,4.521916666666667,-0.14888971901041778,395.61623276020833
SE-Deg,2022-05-10,8.574561833333334,7.117114583333334,-0.3743346014375009,412.61512987916666
SE-Deg,2022-05-11,8.63516325,8.905958333333333,-0.16208309460416842,432.83869895145835
SE-Deg,2022-05-12,6.00793918125,8.442520833333333,-0.23685675123541702,246.79862525958333
SE-Deg,2022-05-13,8.273138291666667,8.643869791666667,-0.1406678988125018,455.587188599375
SE-Deg,2022-05-14,6.484347666666666,8.731270833333333,-0.39408210819791833,262.0855137710417
SE-Deg,2022-05-15,6.653223104166667,7.4369427083333335,-0.763083647916666,381.738041183625
SE-Deg,2022-05-16,4.580707145833333,6.270442708333333,-1.2943721113697864,333.8889752147917
SE-Deg,2022-05-17,5.413125461758334,6.825817708333333,-1.676362760188266,551.1260111491666
SE-Deg,2022-05-18,10.549317479166668,9.132270833333333,-2.09109619218749,550.25105060125
SE-Deg,2022-05-19,6.420015979166667,9.357713541666667,-2.545875579687494,366.702742170625
SE-Deg,2022-05-20,8.105288495833333,8.911366319444445,-2.850698522916667,331.68996157541665
SE-Deg,2022-05-21,10.746247641666667,10.412796875,-3.25078533125,544.7059507039584
SE-Deg,2022-05-22,11.47151125,11.177604166666667,-3.9130282479166665,582.8274807785417
SE-Deg,2022-05-23,10.864484145833334,10.9443125,-4.539241367708334,577.0353298870833
SE-Deg,2022-05-24,10.292496854166666,10.906510416666666,-5.194383669791667,595.3286918229167
SE-Deg,2022-05-25,11.223864479166666,10.540677083333334,-5.764964711458333,425.1781096160417
SE-Deg,2022-05-26,9.856574354166666,11.096302083333333,-4.410269680208334,277.16971388622915
SE-Deg,2022-05-27,9.174025833333333,11.710572916666667,-3.7254868875,318.23373361520834
SE-Deg,2022-05-28,7.5447400625,11.091822916666667,-3.7614056604166666,318.0761230291667
SE-Deg,2022-05-29,9.7044144375,11.758385416666666,-4.166294966666666,411.61117443958335
SE-Deg,2022-05-30,11.611425395833333,12.249375,-4.7334622062500005,246.47529397229167
SE-Deg,2022-05-31,12.101476312500001,12.263229166666667,-5.018959201041667,286.04423355958335
SE-Deg,2022-06-01,8.981935041666667,11.39890625,-2.7706610047916627,96.658390669375
SE-Deg,2022-06-02,11.395171729166666,11.30328125,-1.82513950468749,351.932366229375
SE-Deg,2022-06-03,10.8516314375,12.139479166666666,-1.80728467234374,298.95728969708335
SE-Deg,2022-06-04,11.751859166666666,12.2284375,-2.6687279128124963,462.85580579583336
SE-Deg,2022-06-05,9.181058875,11.2365625,-3.6397316421875,452.7432952291667
SE-Deg,2022-06-06,9.664193729166668,11.118083333333333,-4.440582992708333,613.311327
SE-Deg,2022-06-07,13.306031083333334,12.593177083333334,-5.081178253125,658.9565494166667
SE-Deg,2022-06-08,12.957218,13.0246875,-5.393388695833333,347.3092656125
SE-Deg,2022-06-09,9.99354875,12.732447916666667,-4.163717576041667,194.39918457291668
SE-Deg,2022-06-10,12.682906729166668,12.75796875,-4.852312961458334,573.2683387291667
SE-Deg,2022-06-11,14.176486875,13.899010416666666,-5.537163284375,504.3006955416667
SE-Deg,2022-06-12,12.014689770833334,13.714479166666667,-4.654670461458334,398.461982125
SE-Deg,2022-06-13,12.726900458333333,13.597552083333333,-3.2517375526041645,453.7216188333333
SE-Deg,2022-06-14,12.9011386875,13.633697916666666,-4.087403029166667,527.9068168541667
SE-Deg,2022-06-15,11.984630625,13.161302083333334,-5.819393148958334,540.7175642083333
SE-Deg,2022-06-16,12.481021416666666,13.121197916666667,-7.418888909375003,576.949199625
SE-Deg,2022-06-17,12.816802166666667,13.446927083333334,-8.181455023958344,550.6714265208334
SE-Deg,2022-06-18,10.277981916666667,13.047760416666666,-6.352291904166673,123.96358132291667
SE-Deg,2022-06-19,9.800512604166666,12.110208333333333,-1.3608507514895825,188.90969952708335
SE-Deg,2022-06-20,13.036701208333334,13.97234375,-1.523126809114579,527.7336510416667
SE-Deg,2022-06-21,14.479942583333333,14.977395833333333,-2.3041427453124905,428.700240475
SE-Deg,2022-06-22,11.812508354166667,15.059479166666666,-3.0077962114583268,610.2056162958334
SE-Deg,2022-06-23,14.071063895833333,14.751875,-3.1809063208333295,311.50156691041667
SE-Deg,2022-06-24,18.554920833333334,16.931927083333335,-3.9600148260416677,656.7497696458333
SE-Deg,2022-06-25,19.399877291666666,18.324270833333333,-4.842289055208342,658.2402895833334
SE-Deg,2022-06-26,21.56105875,19.081458333333334,-5.716860570833344,608.3597443333333
SE-Deg,2022-06-27,21.209052291666666,19.3209375,-6.564995070833343,652.083854125
SE-Deg,2022-06-28,22.3777075,19.466631944444444,-7.380952055997195,592.2288987291666
SE-Deg,2022-06-29,22.10978104166667,20.101076388888888,-8.042610330037634,556.8679079999999
SE-Deg,2022-06-30,21.8741375,20.27697916666667,-8.82433838999534,586.50846175
SE-Deg,2022-07-01,21.793656458333334,20.10045882936508,-9.482265164366375,544.4444157229167
SE-Deg,2022-07-02,20.181753125,19.839583333333334,-10.0079463,338.13351339166667
SE-Deg,2022-07-03,17.388600833333335,18.92234375,-10.578255622916666,521.96511946875
SE-Deg,2022-07-04,17.281510833333332,18.296614583333334,-11.196827310416667,581.2732997083333
SE-Deg,2022-07-05,13.110012208333334,17.37390625,-9.467876987499999,342.81321572916664
SE-Deg,2022-07-06,12.618728604166666,16.441927083333333,-9.682268831249996,560.6412580625
SE-Deg,2022-07-07,12.281551875,15.869375,-10.120458617708332,389.20646250625
SE-Deg,2022-07-08,13.090120583333333,15.40486111111111,-10.845209197150567,468.772119625
SE-Deg,2022-07-09,11.4219204375,15.007239583333334,-10.885031680208332,226.55764787333334
SE-Deg,2022-07-10,11.981761916666667,14.853125,-5.803019997916676,332.43752826875
SE-Deg,2022-07-11,14.555008166666667,15.584010416666667,-6.09213022187501,457.2142532625
SE-Deg,2022-07-12,17.134336833333332,16.37713541666667,-6.846275643750009,613.5741341145833
SE-Deg,2022-07-13,16.10849825,16.583125,-7.41528930520834,365.7229940972917
SE-Deg,2022-07-14,13.485952083333332,16.224479166666665,-5.412455457291673,258.3569770547917
SE-Deg,2022-07-15,11.076279541666667,15.095416666666667,-2.7479195724479113,164.62789161354166
SE-Deg,2022-07-16,10.835841770833333,13.938020833333333,-2.7177807749999943,201.06149034916666
SE-Deg,2022-07-17,10.457052541666666,13.2746875,-3.1785760489583335,277.67717237395834
SE-Deg,2022-07-18,12.662723020833333,13.776614583333334,-3.9223024458333335,359.40962155747917
SE-Deg,2022-07-19,12.680947583333333,14.291770833333333,-4.564672925000003,466.3156177144375
SE-Deg,2022-07-20,14.892618051398506,14.876041666666667,-5.292729393750008,561.6895466634336
SE-Deg,2022-07-21,17.329453833333332,15.9796875,-5.735881997916676,335.94940254875
SE-Deg,2022-07-22,15.262685016919871,16.617135416666667,-6.17735426875001,515.6301380411268
SE-Deg,2022-07-23,13.683425354166667,16.089947916666667,-6.885443789583341,582.6540502679375
SE-Deg,2022-07-24,13.773861708333333,15.619114583333333,-7.504899789583333,359.53235412285414
SE-Deg,2022-07-25,14.57531,15.1953125,-7.807635919791672,208.4422020175
SE-Deg,2022-07-26,15.350621666666667,15.731041666666666,-6.785977893750007,174.80269184145834
SE-Deg,2022-07-27,13.250111104166667,15.416302083333333,-6.458111331250009,261.9399501327083
SE-Deg,2022-07-28,10.879812833333334,13.948489583333334,-7.3958855395833325,356.63992978479166
SE-Deg,2022-07-29,11.684580354166666,13.84109375,-8.141671951041662,396.08194890875
SE-Deg,2022-07-30,12.978070395833333,14.367239583333333,-8.568120888541667,394.55626020625
SE-Deg,2022-07-31,15.012604958333334,14.880989583333333,-9.036107732291663,542.7760743127084
SE-Deg,2022-08-01,14.205733854166667,15.373802083333333,-9.46341493020833,292.18093840166665
SE-Deg,2022-08-02,11.963478583333334,14.917708333333334,-8.176596607291662,232.26429021791668
SE-Deg,2022-08-03,13.762971875,14.24484375,-8.518570758333329,119.21444389633334
SE-Deg,2022-08-04,17.670576666666665,15.467604166666666,-9.061849997916662,348.640552825625
SE-Deg,2022-08-05,15.219318104166666,16.0271875,-9.635002846874992,348.81678910208336
SE-Deg,2022-08-06,10.071484041666666,14.6728125,-8.325483320833332,175.893171488125
SE-Deg,2022-08-07,11.177186,13.41546875,-6.74416530520834,367.14077395208335
SE-Deg,2022-08-08,11.060537729166667,13.42515625,-7.655636430208333,503.8311037145833
SE-Deg,2022-08-09,14.066112500000001,13.72140625,-8.244209888541674,441.51440244583335
SE-Deg,2022-08-10,16.774605625,14.8090625,-8.375623539583344,248.625664575
SE-Deg,2022-08-11,15.727134375,14.732291666666667,-8.952194138541667,328.37077988125
SE-Deg,2022-08-12,13.060021791666667,14.2778125,-9.848117820833334,491.6904092047292
SE-Deg,2022-08-13,9.935964208333333,13.123072916666667,-8.867698279166673,89.30533565625
SE-Deg,2022-08-14,13.544791125,13.779791666666666,-8.635522622916666,416.63568596041665
SE-Deg,2022-08-15,15.277383895833333,14.351510416666667,-10.609157284374996,362.98443340833336
SE-Deg,2022-08-16,19.875597291666665,15.468645833333333,-12.441251586458334,387.72953822445834
SE-Deg,2022-08-17,17.182814583333332,16.260364583333335,-11.800357482291664,217.56458714666667
SE-Deg,2022-08-18,12.195001916666667,15.294166666666667,-10.266294831249997,317.1668767625
SE-Deg,2022-08-19,16.53796145833333,15.819166666666666,-10.822056721875,327.50181760416666
SE-Deg,2022-08-20,17.475098125,16.4615625,-8.906214336458323,134.02857154583333
SE-Deg,2022-08-21,15.866198958333333,16.416145833333335,-6.300306805208344,121.79467452333333
SE-Deg,2022-08-22,13.525441145833334,15.48,-6.769762206250009,414.91921820833335
SE-Deg,2022-08-23,12.49423975,14.168628472222226,-6.1920038239294195,417.240669225
SE-Deg,2022-08-24,12.629453520833334,14.34736111111111,-6.260521697020057,324.55330407916665
SE-Deg,2022-08-25,14.246681208333333,14.197187500000002,-7.036266009869176,409.6664633852083
SE-Deg,2022-08-26,15.306905208333333,14.794947916666667,-9.070907888541662,404.7231442375
SE-Deg,2022-08-27,13.411402583333333,14.63265625,-8.814819023958322,105.3418833325
SE-Deg,2022-08-28,10.65003525,13.600520833333333,-9.052994794791653,383.974960585625
SE-Deg,2022-08-29,10.358848583333334,12.720989583333333,-9.757112445833323,330.1884178541667
SE-Deg,2022-08-30,9.671238333333333,12.802447916666667,-9.915552596874997,248.83230907083333
SE-Deg,2022-08-31,7.806202708333333,12.34140625,-9.59528069062499,265.14546291875
SE-Deg,2022-09-01,6.558996,11.26390625,-10.116484039583328,258.0057555125
SE-Deg,2022-09-02,4.517937032916667,10.060875,-10.507654888541667,211.4020997786875
SE-Deg,2022-09-03,6.1355728958333335,10.144739583333333,-10.728511029166667,229.246713839375
SE-Deg,2022-09-04,5.240022431041667,9.844270833333333,-11.171058513541666,309.07780217833334
SE-Deg,2022-09-05,6.647500425,9.46609375,-11.487188435416666,346.47288023479166
SE-Deg,2022-09-06,7.895951583333334,9.4421875,-11.67099820625,204.51006922291666
SE-Deg,2022-09-07,6.2449066681875,9.848229166666666,-11.978021117708334,191.36905203958332
SE-Deg,2022-09-08,5.67963144375,9.088125,-12.259347388541666,254.03485412458335
SE-Deg,2022-09-09,9.9150208125,9.850572916666666,-12.4999054875,258.958126775
SE-Deg,2022-09-10,9.404831333333334,9.63609375,-12.778061867708333,314.56932903791665
SE-Deg,2022-09-11,9.3831804375,9.898645833333333,-12.982514961458334,166.502892019375
SE-Deg,2022-09-12,9.7155325,10.385677083333333,-13.110698232291666,201.29538321416666
SE-Deg,2022-09-13,11.159474041666666,10.783177083333333,-12.687947961458333,83.42681908958333
SE-Deg,2022-09-14,8.847921791666666,10.45953125,-10.110240227083326,32.543900828541666
SE-Deg,2022-09-15,9.026375979166666,10.3784375,-6.817799841666672,49.0542103075
SE-Deg,2022-09-16,9.066466583333334,10.38421875,-4.718940820833339,57.70027196875
SE-Deg,2022-09-17,8.363086166666667,10.352083333333333,-3.9950833104166668,94.75287083879167
SE-Deg,2022-09-18,7.465944875,9.809791666666667,-3.907049909375,65.60636651666667
SE-Deg,2022-09-19,6.8745289375,9.296666666666667,-4.031934711458334,53.040966850625
SE-Deg,2022-09-20,4.092134552041666,8.031859375,-4.677157096875005,255.60315477916666
SE-Deg,2022-09-21,4.962755972916667,7.10084375,-5.162216383333344,229.94627629583334
SE-Deg,2022-09-22,7.708892814583334,7.713578125,-5.435476169791677,207.056363375
SE-Deg,2022-09-23,9.727654770833333,8.862083333333333,-5.660748263541678,65.356143008125
SE-Deg,2022-09-24,9.641830166666667,9.644114583333334,-5.207188451041676,68.49269288541667
SE-Deg,2022-09-25,8.585560270833334,9.69359375,-4.495903336458342,99.3828848125
SE-Deg,2022-09-26,7.29208925,9.25859375,-4.585845966666675,69.43273198958333
SE-Deg,2022-09-27,7.872512875,8.878229166666667,-5.178149159375009,134.341945878375
SE-Deg,2022-09-28,6.789972916666667,8.574854166666666,-5.580581497916676,65.41817061041667
SE-Deg,2022-09-29,6.097643791666667,8.469932291666666,-5.78375017500001,79.59385982895833
SE-Deg,2022-09-30,3.5611742625,7.680427083333333,-6.069761951041676,60.72982162291667
SE-Deg,2022-10-01,5.138192125,6.99128125,-6.155152341666677,72.41458372916667
SE-Deg,2022-10-02,6.815586,7.344036458333333,-6.16449736250001,75.03180927083334
SE-Deg,2022-10-03,7.275212416666666,8.115119791666666,-6.4752681697916765,68.70251790208333
SE-Deg,2022-10-04,4.303068597916667,7.123458333333334,-6.649359961458344,82.75200831958333
SE-Deg,2022-10-05,7.5228314166666665,7.869380208333333,-4.244182455208336,71.09619177916667
SE-Deg,2022-10-06,8.036250958333333,8.158869791666667,-3.132958428791665,119.617134
SE-Deg,2022-10-07,7.646656541666666,7.054713541666667,-3.7763646546874994,123.00827423416666
SE-Deg,2022-10-08,5.9979738125,6.94328125,-3.3017025526041666,150.14574481875
SE-Deg,2022-10-09,5.1399443125,5.608458333333333,-4.006267665625,102.58979328333334
SE-Deg,2022-10-10,6.444811333333333,5.891145833333334,-4.251508721875,105.776485275
SE-Deg,2022-10-11,6.3173010000000005,6.414864583333333,-3.9113527921875,83.95145431458333
SE-Deg,2022-10-12,3.4940006875,4.843614583333333,-4.490397888541672,133.73232321875
SE-Deg,2022-10-13,5.2618151875,4.794880208333334,-4.806078466666676,108.14369935333333
SE-Deg,2022-10-14,5.7669347166666665,5.5961718750000005,-4.820823232812508,94.74571940125
SE-Deg,2022-10-15,6.7223426875,6.416520833333333,-4.220583355208339,52.168837160416665
SE-Deg,2022-10-16,1.9185414144541666,5.358979166666667,-3.6391234370156256,22.597853795833334
SE-Deg,2022-10-17,2.5826867891666665,4.1203385416666665,-3.8288839411458335,120.111762375
SE-Deg,2022-10-18,1.4641223229166667,3.3746145833333334,-4.275195723437502,78.56876174166666
SE-Deg,2022-10-19,2.6933875505625,2.8885677083333334,-4.583309341666672,76.0565019375
SE-Deg,2022-10-20,1.9675104416666667,2.79825,-4.852505992708339,93.47828007916667
SE-Deg,2022-10-21,0.41389102172916664,2.488015625,-5.074539091666677,48.446636683125
SE-Deg,2022-10-22,1.7667746229166665,2.796703125,-5.1087563208333435,59.4218536125
SE-Deg,2022-10-23,1.1006598272916668,2.37115625,-5.460454138541676,83.69189088645834
SE-Deg,2022-10-24,-2.94897588125,1.4791875,-5.860019263541677,62.638164409625
SE-Deg,2022-10-25,1.1348127829166668,1.4482760416666667,-5.66540275312501,65.00695885416667
SE-Deg,2022-10-26,1.2343067625,1.6717552083333334,-5.230550529166677,60.15750914583333
SE-Deg,2022-10-27,2.704258563125,1.8765364583333333,-4.8684368958333435,13.039215820833334
SE-Deg,2022-10-28,5.738778458333333,2.7230416666666666,-4.413317064583343,56.67637462291667
SE-Deg,2022-10-29,4.6583037916666665,3.1869791666666667,-4.336582127604173,37.47684199166667
SE-Deg,2022-10-30,1.5124096604166666,2.2288072916666666,-5.153318560416676,37.866233208333334
SE-Deg,2022-10-31,0.099542304375,1.559828125,-5.460055539583343,30.959024729
SE-Deg,2022-11-01,1.7063778604166666,1.4429791666666667,-5.79089681562501,66.33676030625
SE-Deg,2022-11-02,4.143041539583334,1.5932604166666666,-5.351664888541676,12.619120472916666
SE-Deg,2022-11-03,5.400769291666666,3.0306979166666665,-4.70683959687501,12.801070215833333
SE-Deg,2022-11-04,5.548692083333333,4.079848958333334,-4.8098881218750105,11.322436272916667
SE-Deg,2022-11-05,4.0609195,4.2233020833333335,-4.563648202604174,4.701410402083333
SE-Deg,2022-11-06,1.3398213245833333,3.6242135416666668,-3.5693782831510417,18.744128954166666
SE-Deg,2022-11-07,-1.0117775908333333,2.9716302083333335,-3.969986194791667,24.9178872
SE-Deg,2022-11-08,-3.336310375,1.8657708333333334,-4.404245320833339,48.7552671375
SE-Deg,2022-11-09,-3.1309341875,1.27775,-4.715856534375006,8.645255658895833
SE-Deg,2022-11-10,-1.7811424895833334,1.1769947916666668,-4.907187654166676,13.493893288958333
SE-Deg,2022-11-11,5.082256189583333,1.3994114583333332,-3.5653849693229183,28.0013639625
SE-Deg,2022-11-12,6.403865229166667,2.3940260416666668,-3.7386971796354165,33.738894477083335
SE-Deg,2022-11-13,0.9253619291666667,1.852953125,-4.532744929687508,32.63781252235417
SE-Deg,2022-11-14,-2.131177204166667,1.0539947916666668,-4.681139805208342,13.471747876935417
SE-Deg,2022-11-15,-4.479475541666667,0.684734375,-4.741948753125006,24.2663134175
SE-Deg,2022-11-16,-8.782204208333333,0.3723125,-4.1969707375,24.237522334895832
SE-Deg,2022-11-17,-10.240692104166667,0.281546875,-3.8287862114583335,25.019334493291666
SE-Deg,2022-11-18,-8.897372979166667,0.236734375,-3.8096628677083335,6.628036633333333
SE-Deg,2022-11-19,-5.096887,0.21028125,-3.8186709875,5.0430884562500005
SE-Deg,2022-11-20,-4.790718333333333,0.19452604166666668,-3.6618881072916665,4.75072226
SE-Deg,2022-11-21,-6.24251575,0.17667708333333332,-3.496663997395828,2.3067035341666666
SE-Deg,2022-11-22,-4.917819770833334,0.15691666666666668,-3.374410799380198,1.8829786197916667
SE-Deg,2022-11-23,-8.9463548125,0.12709895833333335,-3.14079747656249,2.8767025065833334
SE-Deg,2022-11-24,-6.7014525208333335,0.09656770833333334,-3.02290606562499,1.6827648381875
SE-Deg,2022-11-25,-3.689796875,0.08300520833333333,-3.09978169062499,2.613879246140325
SE-Deg,2022-11-26,-1.6621881583333333,0.08226562500000001,-3.1679457270833233,2.110837639166667
SE-Deg,2022-11-27,-0.2441659330625,0.08330729166666667,-3.1569328364583233,1.597663229375
SE-Deg,2022-11-28,0.06431897633333333,0.08522916666666666,-3.423813237499991,3.2580816416666667
SE-Deg,2022-11-29,-0.91668243125,0.088625,-3.603942655208326,2.84090014375
SE-Deg,2022-11-30,-0.6159738125,0.09121354166666666,-3.6068571098958317,4.31987538125
SE-Deg,2022-12-01,-2.000689283333333,0.09594270833333333,NA,9.291017145833333
SE-Deg,2022-12-02,-5.235898916666667,0.09586458333333334,NA,5.07752943125
SE-Deg,2022-12-03,-5.5228128125,0.08893229166666666,NA,2.8017725554166666
SE-Deg,2022-12-04,-6.304479333333333,0.08494791666666666,NA,2.9569421225
SE-Deg,2022-12-05,-4.649015333333334,0.078265625,NA,2.5751704908333335
SE-Deg,2022-12-06,-5.639442333333333,0.06740625,NA,7.202048305666667
SE-Deg,2022-12-07,-13.357840270833334,0.0449375,NA,5.994033682145833
SE-Deg,2022-12-08,-8.287933125,0.024140625,NA,2.2886791443333334
SE-Deg,2022-12-09,-5.994935229166667,0.022380208333333332,NA,2.6258690020416666
SE-Deg,2022-12-10,-8.797708020833333,0.017869791666666666,NA,2.89252311625
SE-Deg,2022-12-11,-5.557132395833333,0.01882291666666667,NA,2.2835485846666668
SE-Deg,2022-12-12,-11.769550375,0.023026041666666667,NA,4.852551312916667
SE-Deg,2022-12-13,-15.605647291666667,0.020515625,NA,3.4656975788541664
SE-Deg,2022-12-14,-20.273488541666666,0.017984375,NA,5.762752629896093
SE-Deg,2022-12-15,-16.784353958333334,0.01603125,NA,5.081048964583333
SE-Deg,2022-12-16,-14.203603020833333,0.010739583333333334,NA,6.635041954666667
SE-Deg,2022-12-17,-14.415513395833333,0.002875,NA,5.708447964
SE-Deg,2022-12-18,-6.343249833333333,-0.0010989583333333333,NA,1.74371605625
SE-Deg,2022-12-19,-8.319407333333332,-0.0094375,NA,3.5020596916666666
SE-Deg,2022-12-20,-4.051489541666666,-0.004671875,NA,2.426505550625
SE-Deg,2022-12-21,-5.816434083333333,0.003359375,NA,1.3099698527083334
SE-Deg,2022-12-22,-7.8248554375,0.006088541666666667,NA,2.3229415189583333
SE-Deg,2022-12-23,-9.293967708333334,0.006095486111111111,NA,5.881068716666666
SE-Deg,2022-12-24,-7.933164,2.0833333333333375e-4,NA,5.405545172916667
SE-Deg,2022-12-25,-11.0303731875,-0.012604166666666673,NA,3.8593921125
SE-Deg,2022-12-26,-1.07357361875,-0.012625,NA,1.833150479375
SE-Deg,2022-12-27,-5.681716791666667,6.944444444444438e-4,NA,1.5668254097916667
SE-Deg,2022-12-28,-9.305232395833333,9.322916666666677e-4,NA,4.372275570833334
SE-Deg,2022-12-29,-9.716948020833334,-0.014624999999999999,NA,1.5669760616666666
SE-Deg,2022-12-30,-1.0296897524166666,-0.012864583333333334,NA,3.9251503833333334
SE-Deg,2022-12-31,-0.205802172875,-0.002994791666666667,NA,2.5275804791666667
SE-HfM,2020-04-01,-0.8348085106382979,0.3931702127659575,NA,296.393
SE-HfM,2020-04-02,-2.878875,0.39508333333333334,NA,214.83133333333333
SE-HfM,2020-04-03,-3.1480208333333333,0.39345833333333335,NA,227.852875
SE-HfM,2020-04-04,-3.335916666666667,0.39189583333333333,NA,326.4673125
SE-HfM,2020-04-05,-3.5553125,0.3917291666666667,NA,360.54435416666666
SE-HfM,2020-04-06,0.3203958333333333,0.3954166666666667,NA,278.11075
SE-HfM,2020-04-07,3.6698333333333335,0.3974375,NA,217.91652083333332
SE-HfM,2020-04-08,4.017541666666666,0.3961875,NA,268.26283333333333
SE-HfM,2020-04-09,1.0109583333333334,0.39385416666666667,NA,377.4597708333333
SE-HfM,2020-04-10,-0.7098125,0.3927916666666667,NA,344.7590416666667
SE-HfM,2020-04-11,-1.1746041666666667,0.3946041666666667,NA,390.22566666666665
SE-HfM,2020-04-12,-0.21510416666666668,0.4005,NA,152.62591666666665
SE-HfM,2020-04-13,-1.9043333333333332,0.40577083333333336,NA,137.7935625
SE-HfM,2020-04-14,0.9403125,0.40847916666666667,NA,366.211125
SE-HfM,2020-04-15,2.1184375,0.41054166666666664,NA,384.2873125
SE-HfM,2020-04-16,1.7253541666666667,0.4155,NA,411.2603125
SE-HfM,2020-04-17,1.5243125,0.42893749999999997,NA,441.26560416666666
SE-HfM,2020-04-18,2.415375,0.43866666666666665,NA,431.90439583333335
SE-HfM,2020-04-19,4.8367708333333335,0.45077083333333334,NA,395.16629166666667
SE-HfM,2020-04-20,5.251229166666667,0.45845833333333336,NA,366.3929375
SE-HfM,2020-04-21,5.6567083333333334,0.43683333333333335,NA,481.28327083333335
SE-HfM,2020-04-22,4.1695,0.437875,NA,446.92302083333334
SE-HfM,2020-04-23,2.5584166666666666,0.46539583333333334,NA,298.9088125
SE-HfM,2020-04-24,1.9177708333333334,0.48533333333333334,NA,243.80245833333333
SE-HfM,2020-04-25,0.9610416666666667,0.47833333333333333,NA,462.311875
SE-HfM,2020-04-26,1.7560416666666667,0.487125,NA,393.27141666666665
SE-HfM,2020-04-27,0.42181250000000003,0.4600416666666667,NA,265.006875
SE-HfM,2020-04-28,-0.8532708333333333,0.4583541666666667,NA,320.1093125
SE-HfM,2020-04-29,-0.6202708333333333,0.44283333333333336,NA,436.68441666666666
SE-HfM,2020-04-30,-0.5122083333333334,0.4764791666666667,NA,399.21110416666664
SE-HfM,2020-05-01,1.1753125,0.5048125,4.2598735423269805,242.32785416666667
SE-HfM,2020-05-02,1.6860416666666667,0.53225,4.547274282514564,137.7456875
SE-HfM,2020-05-03,4.468541666666667,0.5387708333333334,3.0964409756022637,478.8131875
SE-HfM,2020-05-04,3.4828333333333332,0.5256875,-0.7861543785176653,423.89433333333335
SE-HfM,2020-05-05,3.9114375,0.535375,-2.0930082831643326,497.5733125
SE-HfM,2020-05-06,4.202416666666667,0.8083125,-2.460465286756451,444.6059583333333
SE-HfM,2020-05-07,3.1002083333333332,1.0828958333333334,-2.6977653923115956,464.16425
SE-HfM,2020-05-08,2.051270833333333,1.0653958333333333,-2.823955985850753,338.84116666666665
SE-HfM,2020-05-09,2.4318333333333335,2.637583333333333,-2.6432596420134753,542.6220416666666
SE-HfM,2020-05-10,1.1356666666666666,2.7091666666666665,-2.3318021795017336,247.00383333333335
SE-HfM,2020-05-11,0.609375,3.5136666666666665,-2.8480562600706767,522.5348125
SE-HfM,2020-05-12,0.746875,4.1968958333333335,-3.125355793497848,447.35695833333335
SE-HfM,2020-05-13,1.5991666666666666,5.110416666666667,-3.3717260912793012,510.2363541666667
SE-HfM,2020-05-14,1.4197916666666666,5.500479166666667,-3.5817101483477964,518.5233958333333
SE-HfM,2020-05-15,1.5159791666666667,5.8614375,-3.695194326722885,528.7987708333334
SE-HfM,2020-05-16,1.5961666666666667,6.104708333333333,-3.638602288687252,376.05941666666666
SE-HfM,2020-05-17,2.3143541666666665,5.609020833333333,-3.6470258378255314,379.34345833333333
SE-HfM,2020-05-18,3.67475,6.488875,-3.960316440252522,449.9186666666667
SE-HfM,2020-05-19,2.1417083333333333,6.9123125,-4.123137523527369,360.77204166666667
SE-HfM,2020-05-20,4.772125,6.849583333333333,-4.371408693829151,478.84041666666667
SE-HfM,2020-05-21,5.931041666666666,8.319395833333333,-4.866379381258037,626.0512916666667
SE-HfM,2020-05-22,7.739541666666667,9.220208333333334,-5.411116175074805,645.0273958333333
SE-HfM,2020-05-23,7.771208333333333,9.26125,-5.858274306480231,460.395375
SE-HfM,2020-05-24,6.082604166666666,8.811041666666666,-5.765862678686266,202.02183333333332
SE-HfM,2020-05-25,10.554083333333333,8.751958333333333,-6.2075826678577215,597.0545
SE-HfM,2020-05-26,13.397208333333333,10.201458333333333,-6.352908066223876,541.5040208333334
SE-HfM,2020-05-27,10.569833333333333,10.801666666666666,-6.684440969688891,498.4365
SE-HfM,2020-05-28,8.035958333333333,10.26375,-7.187886640441098,455.43247916666667
SE-HfM,2020-05-29,9.310291666666666,9.832916666666666,-7.586280783127177,437.127625
SE-HfM,2020-05-30,11.361812500000001,10.403333333333334,-8.128225143351669,679.2852083333333
SE-HfM,2020-05-31,15.675375,11.485625,-8.475985886690319,676.0831041666667
SE-HfM,2020-06-01,19.510625,12.999583333333334,-8.82884105641172,673.9059166666667
SE-HfM,2020-06-02,16.667708333333334,13.5775,-9.22467654658968,481.746375
SE-HfM,2020-06-03,13.574791666666666,13.624166666666667,-9.180015995824574,437.29179166666665
SE-HfM,2020-06-04,14.1349375,13.257291666666667,-9.698760466321813,582.7356458333334
SE-HfM,2020-06-05,11.222916666666666,12.454583333333334,-10.02724999194505,141.19375
SE-HfM,2020-06-06,11.282958333333333,12.262708333333332,-9.544921165814051,248.18385416666666
SE-HfM,2020-06-07,9.799687500000001,11.515208333333334,-7.323064887170044,189.47108333333333
SE-HfM,2020-06-08,10.360145833333334,11.639166666666666,-7.952019456094437,547.3183541666667
SE-HfM,2020-06-09,10.330166666666667,12.045625,-8.002426695734526,700.1328541666667
SE-HfM,2020-06-10,13.328923781221107,12.783021629514565,-8.886381238653943,725.4119375
SE-HfM,2020-06-11,15.707394812668582,13.614363930375028,-9.47979266881268,672.4226875
SE-HfM,2020-06-12,15.234479166666667,13.962916666666667,-10.09880926217746,699.9053125
SE-HfM,2020-06-13,17.862,14.544791666666667,-10.679370610332224,700.6260625
SE-HfM,2020-06-14,20.016458333333333,15.199166666666667,-11.283420051952556,691.8755833333333
SE-HfM,2020-06-15,19.164583333333333,15.636041666666667,-11.926076005938395,589.9330416666667
SE-HfM,2020-06-16,15.637708333333334,15.800625,-12.426701570846397,484.4075
SE-HfM,2020-06-17,16.163333333333334,15.447291666666667,-12.753213862948346,619.709625
SE-HfM,2020-06-18,15.675833333333333,16.02541666666667,-12.184517240032672,485.4444375
SE-HfM,2020-06-19,16.896875,16.31875,-13.298709875417899,667.5892916666667
SE-HfM,2020-06-20,16.635416666666668,16.22833333333333,-14.114687987557334,692.4857291666667
SE-HfM,2020-06-21,18.577291666666667,16.58125,-14.74887566258131,695.0429375
SE-HfM,2020-06-22,20.256458333333335,17.037708333333335,-15.339777801093181,695.8613541666666
SE-HfM,2020-06-23,21.338958333333334,17.398958333333333,-16.138488830288853,531.8781458333333
SE-HfM,2020-06-24,21.622916666666665,17.793958333333332,-16.91120788814396,617.6175625
SE-HfM,2020-06-25,23.943333333333335,18.438333333333333,-17.646403640553984,617.1854791666667
SE-HfM,2020-06-26,21.357291666666665,18.772083333333335,-18.17131374354737,574.449375
SE-HfM,2020-06-27,16.867083333333333,18.38875,-18.926230039977955,616.5977708333334
SE-HfM,2020-06-28,15.809375,17.457291666666666,-19.70913922442724,675.4182083333334
SE-HfM,2020-06-29,14.051874999999999,16.545208333333335,-18.681700355916018,214.9728125
SE-HfM,2020-06-30,14.9,16.558958333333333,-16.720090343363438,410.4555833333333
SE-HfM,2020-07-01,10.8319375,16.215833333333332,-17.608218279414604,435.80702083333335
SE-HfM,2020-07-02,9.643416666666667,15.427291666666667,-18.72274278069217,567.6754791666667
SE-HfM,2020-07-03,7.7881875,14.47375,-14.61737816057736,232.17808333333332
SE-HfM,2020-07-04,8.213729166666667,13.524375,-13.725341246576146,265.9093125
SE-HfM,2020-07-05,11.135395833333334,13.894583333333333,-14.234219042397912,598.934
SE-HfM,2020-07-06,9.4627083333333335,13.62625,-12.537965092068166,109.6953125
SE-HfM,2020-07-07,11.5525,13.64375,-10.665735196187564,351.559375
SE-HfM,2020-07-08,11.279833333333332,14.01875,-11.300978942228932,429.0554375
SE-HfM,2020-07-09,10.196666666666667,14.06,-9.473247217478846,242.13779166666666
SE-HfM,2020-07-10,11.8483125,14.250833333333333,-7.706670666670955,461.2346875
SE-HfM,2020-07-11,11.601645833333333,15.100416666666666,-7.3990088936027085,446.67660416666666
SE-HfM,2020-07-12,11.300791666666667,15.154375,-7.276591762001144,398.68354166666666
SE-HfM,2020-07-13,10.010958333333333,15.003125,-7.1659298398942015,389.1686666666667
SE-HfM,2020-07-14,12.2978125,15.290833333333333,-7.665304521801642,439.36145833333336
SE-HfM,2020-07-15,11.577208333333333,15.127916666666666,-8.23602500707256,268.6164375
SE-HfM,2020-07-16,15.002625,15.103541666666667,-8.560936046243986,544.3685208333334
SE-HfM,2020-07-17,17.2375,16.194583333333334,-9.045053847426432,608.102375
SE-HfM,2020-07-18,17.523125,16.646041666666665,-9.554281426546538,356.00502083333333
SE-HfM,2020-07-19,17.468125,16.553125,-9.921743254496603,389.64729166666666
SE-HfM,2020-07-20,16.747291666666666,16.474375000000002,-10.272707777524994,360.9688541666667
SE-HfM,2020-07-21,11.876579393068502,16.1775,-10.344059547770174,194.66541666666666
SE-HfM,2020-07-22,10.2149375,14.823125,-10.474263124772971,191.584
SE-HfM,2020-07-23,9.693,13.737083333333333,-8.225783290416938,130.81216666666666
SE-HfM,2020-07-24,10.543333333333333,13.198541666666667,-7.675999654422894,222.80016666666666
SE-HfM,2020-07-25,11.46875,13.76375,-7.469321722474026,253.871625
SE-HfM,2020-07-26,10.626213990272582,14.668333333333333,-7.507584569271004,603.4518333333333
SE-HfM,2020-07-27,6.853535116505767,15.463333333333333,-7.863900999684067,198.1948125
SE-HfM,2020-07-28,10.693020833333334,15.710625,-7.878558611059836,365.89408333333336
SE-HfM,2020-07-29,13.821479166666666,16.235,-7.70896895530172,181.44097916666666
SE-HfM,2020-07-30,10.308416666666666,15.423125,-6.288016736009199,169.216125
SE-HfM,2020-07-31,14.344959564955687,16.859791666666666,-6.495117444991822,523.4151875
SE-HfM,2020-08-01,16.733333333333334,17.820625,-7.096485242593035,470.62654166666664
SE-HfM,2020-08-02,14.919583333333334,17.7725,-7.556565460844531,303.2607708333333
SE-HfM,2020-08-03,13.398333333333333,16.69708333333333,-7.839369690814197,300.6784375
SE-HfM,2020-08-04,13.550208333333334,16.372708333333332,-8.128653887267124,319.0535208333333
SE-HfM,2020-08-05,13.322541666666666,15.936458333333333,-8.626300704377835,445.395
SE-HfM,2020-08-06,15.008125,16.060208333333332,-9.102578794007233,310.12333333333333
SE-HfM,2020-08-07,19.274791666666665,16.549375,-9.493215152437323,424.23395833333336
SE-HfM,2020-08-08,20.044166666666666,17.286041666666666,-9.867260143754438,474.57320833333335
SE-HfM,2020-08-09,14.832708333333333,17.277083333333334,-10.503560346313987,513.5179375
SE-HfM,2020-08-10,12.763833333333332,16.470208333333332,-11.129858999206352,501.43710416666664
SE-HfM,2020-08-11,13.336770833333333,16.249791666666667,-11.565121732918998,443.0912916666667
SE-HfM,2020-08-12,13.687968456987866,15.864792853180235,-11.634251598144123,319.59920170008064
SE-HfM,2020-08-13,14.675208333333334,16.128333333333334,-11.742043630350246,227.60285416666667
SE-HfM,2020-08-14,15.763958333333333,16.311041666666668,-11.924374271390459,329.9006875
SE-HfM,2020-08-15,15.089166666666667,16.123125,-12.346742003877338,373.5124375
SE-HfM,2020-08-16,13.003125,15.825208333333334,-12.954646570664298,484.5917083333333
SE-HfM,2020-08-17,11.220833333333333,15.255833333333333,-13.513372299605582,483.02095833333334
SE-HfM,2020-08-18,12.9606875,15.150625,-13.881872163840706,461.998375
SE-HfM,2020-08-19,17.449791666666666,16.141458333333333,-14.183985608494362,362.4041875
SE-HfM,2020-08-20,17.171458333333334,16.659375,-14.490226928499789,384.0341666666667
SE-HfM,2020-08-21,16.918541666666666,16.701875,-14.90973759734991,389.7880625
SE-HfM,2020-08-22,17.21625,16.72125,-14.99453553437659,245.57408333333333
SE-HfM,2020-08-23,13.641416666666666,16.24041666666667,-14.603610251489318,255.45083333333332
SE-HfM,2020-08-24,9.1215625,15.246458333333333,-15.1693822643265,408.0065625
SE-HfM,2020-08-25,8.712208333333333,14.243958333333333,-15.783380592854733,358.435375
SE-HfM,2020-08-26,8.903354166666666,13.824375,-16.12121638385592,310.44185416666664
SE-HfM,2020-08-27,7.926645833333334,13.281458333333333,-16.584522288298228,402.463375
SE-HfM,2020-08-28,9.249729166666667,13.060625,-16.927867053112212,269.82452083333334
SE-HfM,2020-08-29,10.507791666666666,13.1775,-17.179718067499003,312.7953958333333
SE-HfM,2020-08-30,9.203229166666667,12.670625,-17.01196874220114,251.53110416666667
SE-HfM,2020-08-31,10.251395833333333,13.175208333333334,-16.669321230979133,304.40566666666666
SE-HfM,2020-09-01,8.878270833333334,12.551458333333333,-17.61549402008152,384.15110416666664
SE-HfM,2020-09-02,11.591416666666666,12.57125,-17.947745413203453,301.6916458333333
SE-HfM,2020-09-03,11.164583333333333,12.67625,-17.804400131234004,135.933875
SE-HfM,2020-09-04,13.236666666666666,13.075833333333334,-15.170675703261447,130.6609375
SE-HfM,2020-09-05,12.0285,13.16,-12.961680619100534,213.20202083333334
SE-HfM,2020-09-06,9.474604166666667,12.58375,-13.247087465428596,288.4284375
SE-HfM,2020-09-07,10.334354166666667,12.731666666666667,-13.83652453335214,270.692125
SE-HfM,2020-09-08,10.521291666666666,12.536875,-13.500578199019804,203.38739583333333
SE-HfM,2020-09-09,9.938583333333334,12.088125,-13.949204401215331,294.0024375
SE-HfM,2020-09-10,8.184354166666667,11.790416666666667,-14.421497837414686,279.52675
SE-HfM,2020-09-11,7.685854166666666,11.314583333333333,-14.993613852284689,300.36195833333335
SE-HfM,2020-09-12,9.675416666666667,11.560208333333334,-13.997862645393528,203.4586875
SE-HfM,2020-09-13,8.471625,11.428541666666666,-14.488263891463898,256.56185416666665
SE-HfM,2020-09-14,7.9984166666666665,10.786041666666666,-15.393796349868783,297.4575
SE-HfM,2020-09-15,8.011625,10.502916666666666,-15.946055722180578,277.571125
SE-HfM,2020-09-16,5.706875,9.687083333333334,-10.643734130094126,38.3195625
SE-HfM,2020-09-17,6.238125,8.079375,-10.03092877564432,227.13739583333333
SE-HfM,2020-09-18,9.299166666666666,8.129604166666667,-10.155404649041639,226.722875
SE-HfM,2020-09-19,8.109937500000001,8.262166666666667,-10.554846163836126,220.36995833333333
SE-HfM,2020-09-20,7.155395833333333,7.561083333333333,-10.17753738879419,133.10839583333333
SE-HfM,2020-09-21,8.890541666666667,7.427208333333334,-9.631527989845727,52.24514583333333
SE-HfM,2020-09-22,6.734895833333334,7.627291666666666,-9.828779187318215,186.63845833333335
SE-HfM,2020-09-23,9.333916666666667,7.9424375,-9.258698817718727,156.06597916666666
SE-HfM,2020-09-24,7.2287083333333335,8.539791666666666,-9.02564110064057,32.66052083333334
SE-HfM,2020-09-25,8.521,8.919375,-9.150314702418287,216.79770833333333
SE-HfM,2020-09-26,5.297916666666667,8.088791666666667,-8.961894188166447,51.395208333333336
SE-HfM,2020-09-27,5.119375,7.105583333333334,-7.644620091733787,43.547979166666664
SE-HfM,2020-09-28,8.091791666666667,8.000229166666667,-7.233192268105114,87.1206875
SE-HfM,2020-09-29,9.338645833333333,9.619583333333333,-7.245876383641112,120.6114375
SE-HfM,2020-09-30,9.773125,10.216875,-7.488485268144367,35.139604166666665
SE-HfM,2020-10-01,8.4023125,10.106458333333332,-7.807926252321268,53.2283125
SE-HfM,2020-10-02,7.751738835155524,9.680241130865781,-7.577744756655672,89.48995190577773
SE-HfM,2020-10-03,8.530808211185596,9.574380021332175,-6.754834291467167,159.11889142496412
SE-HfM,2020-10-04,8.70402005436609,9.381333757546745,-6.865260182691301,35.90439982244565
SE-HfM,2020-10-05,8.67920745265256,9.098017085164862,-6.544394929511163,19.872017452922798
SE-HfM,2020-10-06,9.43044832896596,9.416871835330422,-6.273801324307257,24.379824476376893
SE-HfM,2020-10-07,9.785,9.84625,-4.379953967354122,20.819854166666666
SE-HfM,2020-10-08,9.429375,9.936875,-3.518454667244881,29.891229166666665
SE-HfM,2020-10-09,8.449125,9.595625,-3.1097078054665555,38.832
SE-HfM,2020-10-10,7.932041666666667,9.1925,-1.8444058151648448,96.62922916666666
SE-HfM,2020-10-11,6.276395833333333,8.149645833333333,-2.3425173398943717,25.032125
SE-HfM,2020-10-12,4.925520833333334,7.453166666666666,-2.915345192521457,63.3528125
SE-HfM,2020-10-13,3.464395833333333,6.726395833333333,-3.6772325311401333,61.60925
SE-HfM,2020-10-14,2.5632012238881297,5.287560234134195,-4.2149157116038225,124.48835875773399
SE-HfM,2020-10-15,3.829317266973776,4.093294533134842,-4.4735399132695495,64.94364339337578
SE-HfM,2020-10-16,2.9925443773007774,4.111625,-4.818110844850686,124.07258333333333
SE-HfM,2020-10-17,3.1544683507535023,3.6862916666666665,-4.971086305145049,57.64460416666667
SE-HfM,2020-10-18,-2.182871401976942,3.0732083333333335,-5.220085636145152,34.39491666666667
SE-HfM,2020-10-19,-2.088529665077843,2.4484791666666665,-5.363602683855233,50.047
SE-HfM,2020-10-20,-4.317355788280008,2.2360416666666665,-5.8355366824757375,94.66541666666667
SE-HfM,2020-10-21,-0.8136424481542088,2.1607916666666664,-5.835130280844851,37.04689583333333
SE-HfM,2020-10-22,-1.4863373488667981,2.035645833333333,-5.282555418043594,30.491854166666666
SE-HfM,2020-10-23,-2.8870066444267066,1.8416666666666668,-5.375868883019537,108.45597916666667
SE-HfM,2020-10-24,-3.7170689473257625,1.8266666666666667,-5.811924625366738,94.32720833333333
SE-HfM,2020-10-25,-1.477307053084579,1.7873541666666666,-5.652490971002963,25.374625
SE-HfM,2020-10-26,4.923929955254215,1.1833333333333333,-2.5932565524210758,27.509854166666667
SE-HfM,2020-10-27,4.215735222039966,2.7853541666666666,-1.6117689241512583,29.294395833333333
SE-HfM,2020-10-28,5.227853258713574,4.370833333333334,-1.7749894566341542,20.206958333333333
SE-HfM,2020-10-29,4.811527626790678,4.7943541666666665,-2.4809533944155464,27.779208333333333
SE-HfM,2020-10-30,-0.7385211573236853,2.886911985700502,-3.289623483549577,41.18364583333333
SE-HfM,2020-10-31,1.4287705420964327,1.742003398224749,-3.460201020264662,14.377229166666666
SE-HfM,2020-11-01,5.459057827100982,3.7213896473277988,-3.3177879210932617,8.577041666666666
SE-HfM,2020-11-02,7.717688068721984,5.867411681133591,-0.8230538397765816,4.087875
SE-HfM,2020-11-03,3.6012401634100266,4.116635321102092,-0.8526095133891488,40.54173991092179
SE-HfM,2020-11-04,1.8903097879931459,1.722378246344905,-2.0544712112226806,48.53420833333333
SE-HfM,2020-11-05,4.167663395180951,1.8258161545887792,-2.368510207608055,40.35822916666667
SE-HfM,2020-11-06,6.778682289184231,2.1364556514585282,-3.2197263334693154,34.1695625
SE-HfM,2020-11-07,5.836341927947084,3.5702103576807,-3.742078565012686,49.26833333333333
SE-HfM,2020-11-08,-0.1256416103245102,1.6630561908702852,-4.209415952656859,52.92135103901679
SE-HfM,2020-11-09,1.3146698552518365,1.0361760181107738,-4.350985904346617,41.041037677499595
SE-HfM,2020-11-10,-1.895723920554427,1.189286878789755,-4.22624057978288,25.8855
SE-HfM,2020-11-11,0.575875,1.4356458333333333,-4.492966695031247,20.1714375
SE-HfM,2020-11-12,0.565375,1.31225,-4.931064904336753,14.3814375
SE-HfM,2020-11-13,2.1557916666666666,1.2671458333333334,-5.044280065179934,10.654458333333332
SE-HfM,2020-11-14,4.304875,1.2353958333333332,-4.520976762976194,5.359166666666667
SE-HfM,2020-11-15,4.651770833333333,1.9965,-4.447413257406716,6.566479166666666
SE-HfM,2020-11-16,4.9968125,3.6101041666666664,-4.014817987988704,3.9096041666666665
SE-HfM,2020-11-17,5.498916666666666,4.886583333333333,-3.727480352603376,5.90675
SE-HfM,2020-11-18,1.92825,3.5485208333333333,-3.8206390725363373,14.2004375
SE-HfM,2020-11-19,-3.1500833333333333,1.9359166666666667,-3.296465145305406,7.631729166666666
SE-HfM,2020-11-20,-3.7626874999999997,1.4559374999999999,-3.607367434612019,18.2650625
SE-HfM,2020-11-21,-2.1952708333333333,1.3467500000000001,-3.6957496221652844,4.382
SE-HfM,2020-11-22,0.5653125,1.3248333333333333,-3.681048995606381,13.599
SE-HfM,2020-11-23,0.09697916666666667,1.3262708333333333,-4.135939334128822,15.193958333333333
SE-HfM,2020-11-24,-4.1205625,1.3215625,-4.285348023843023,16.185083333333335
SE-HfM,2020-11-25,0.6648125,1.3063125,-3.435008859803801,4.4065208333333334
SE-HfM,2020-11-26,-1.3449791666666666,1.1280208333333333,-2.657454022020539,13.470270833333332
SE-HfM,2020-11-27,-6.4630833333333335,1.1828333333333334,-2.160257974764559,13.813
SE-HfM,2020-11-28,-4.858083333333333,1.2533958333333333,-1.5073513353635635,9.935333333333332
SE-HfM,2020-11-29,-6.015833333333333,1.2628541666666666,-0.8212910100587415,9.018854166666667
SE-HfM,2020-11-30,-2.386125,1.125875,-0.03528271776303302,5.670875
SE-HfM,2020-12-01,-4.727666666666667,1.0143541666666667,NA,3.9244166666666667
SE-HfM,2020-12-02,-3.484875,0.9679375,NA,3.0397916666666664
SE-HfM,2020-12-03,0.18064583333333334,0.9365,NA,2.5359791666666665
SE-HfM,2020-12-04,-1.0739791666666667,0.919375,NA,4.039770833333333
SE-HfM,2020-12-05,0.3603958333333333,0.9135625,NA,2.2106666666666666
SE-HfM,2020-12-06,3.03675,0.8931041666666667,NA,1.4538958333333334
SE-HfM,2020-12-07,2.1841041666666667,0.9273750000000001,NA,2.4291666666666667
SE-HfM,2020-12-08,-0.11510416666666666,0.8520416666666667,NA,2.0592083333333333
SE-HfM,2020-12-09,-0.24152083333333332,0.8925625,NA,2.4985
SE-HfM,2020-12-10,0.10264583333333333,0.9540624999999999,NA,2.245375
SE-HfM,2020-12-11,-2.2982291666666668,0.9560624999999999,NA,3.1787916666666667
SE-HfM,2020-12-12,-4.513041666666667,0.9940416666666666,NA,2.1436875
SE-HfM,2020-12-13,-2.0735208333333333,1.0205,NA,1.1428333333333334
SE-HfM,2020-12-14,-1.8627916666666666,1.0322083333333334,NA,1.3878333333333333
SE-HfM,2020-12-15,-1.0409166666666667,1.0364791666666666,NA,1.9468958333333333
SE-HfM,2020-12-16,-3.2382291666666667,1.04625,NA,2.6195
SE-HfM,2020-12-17,-3.6836666666666664,1.0405416666666667,NA,1.5016458333333333
SE-HfM,2020-12-18,-2.3811875000000002,1.0465625,NA,1.8217708333333333
SE-HfM,2020-12-19,-0.191,1.0544583333333333,NA,1.24675
SE-HfM,2020-12-20,1.3229166666666667,1.06775,NA,2.6721875
SE-HfM,2020-12-21,2.0290208333333335,1.0644375,NA,3.191291666666667
SE-HfM,2020-12-22,-0.5976666666666667,0.9975833333333333,NA,5.35575
SE-HfM,2020-12-23,-0.4851875,0.9857291666666667,NA,2.2956666666666665
SE-HfM,2020-12-24,-2.335,0.96875,NA,4.134729166666666
SE-HfM,2020-12-25,-6.0608125,0.9583333333333333,NA,2.76275
SE-HfM,2020-12-26,-6.5624375,0.9667916666666666,NA,2.5979583333333336
SE-HfM,2020-12-27,-0.9452083333333333,0.9512499999999999,NA,2.604
SE-HfM,2020-12-28,-1.2238333333333333,0.9376875,NA,1.1076875
SE-HfM,2020-12-29,-1.7174583333333333,0.9373958333333333,NA,3.0279583333333333
SE-HfM,2020-12-30,-2.859729166666667,0.9414374999999999,NA,3.7715625
SE-HfM,2020-12-31,-5.206333333333333,0.9440208333333333,NA,4.684541666666667
SE-HfM,2021-01-01,-4.1095625,0.9355,NA,2.9658541666666665
SE-HfM,2021-01-02,-7.7402291666666665,0.9290208333333334,NA,3.3039791666666667
SE-HfM,2021-01-03,-9.609020833333334,0.9329166666666667,NA,8.57775
SE-HfM,2021-01-04,-10.428333333333333,0.9391875,NA,10.3690625
SE-HfM,2021-01-05,-14.204791666666667,0.9260208333333334,NA,9.412229166666666
SE-HfM,2021-01-06,-8.512270833333334,0.933,NA,2.5298333333333334
SE-HfM,2021-01-07,-8.568520833333332,0.9397083333333333,NA,2.0856458333333334
SE-HfM,2021-01-08,-8.1823125,0.9379583333333333,NA,2.1224166666666666
SE-HfM,2021-01-09,-5.1706875,0.9380416666666667,NA,2.218916666666667
SE-HfM,2021-01-10,-5.5863958333333334,0.9407708333333333,NA,2.1588958333333332
SE-HfM,2021-01-11,-8.113729166666667,0.9400416666666667,NA,3.9873541666666665
SE-HfM,2021-01-12,-5.58825,0.9504166666666666,NA,2.777375
SE-HfM,2021-01-13,-14.638833333333334,0.9471041666666666,NA,6.964916666666666
SE-HfM,2021-01-14,-19.10125,0.9390208333333333,NA,11.725791666666666
SE-HfM,2021-01-15,-10.459,0.937625,NA,14.6286875
SE-HfM,2021-01-16,-8.735604166666667,0.9324791666666667,NA,23.763875
SE-HfM,2021-01-17,-13.302354166666667,0.9270416666666668,NA,31.4036875
SE-HfM,2021-01-18,-20.248958333333334,0.9217083333333334,NA,41.4406875
SE-HfM,2021-01-19,-19.303541666666668,0.9158958333333334,NA,11.612187500000001
SE-HfM,2021-01-20,-10.330625,0.9104166666666667,NA,7.540041666666666
SE-HfM,2021-01-21,-6.965520833333334,0.9088333333333334,NA,6.1248125
SE-HfM,2021-01-22,-4.7781666666666665,0.9116875,NA,5.2954375
SE-HfM,2021-01-23,-7.4530625,0.9171666666666667,NA,12.923604166666667
SE-HfM,2021-01-24,-11.873125,0.9085208333333333,NA,9.7953125
SE-HfM,2021-01-25,-10.440208333333333,0.905,NA,15.794708333333334
SE-HfM,2021-01-26,-12.026041666666666,0.9015416666666667,NA,17.4124375
SE-HfM,2021-01-27,-12.06,0.9007083333333333,NA,12.089770833333334
SE-HfM,2021-01-28,-11.5325,0.899625,NA,19.088291666666667
SE-HfM,2021-01-29,-18.61375,0.8959791666666667,NA,36.505875
SE-HfM,2021-01-30,-16.675208333333334,0.89175,NA,13.422729166666667
SE-HfM,2021-01-31,-12.82375,0.884875,NA,23.520166666666668
SE-HfM,2021-02-01,-13.130208333333334,0.8762083333333334,NA,32.959916666666665
SE-HfM,2021-02-02,-17.450833333333332,0.871375,NA,43.5016875
SE-HfM,2021-02-03,-13.185,0.8723958333333334,NA,43.98975
SE-HfM,2021-02-04,-10.798270833333333,0.869,NA,29.280145833333332
SE-HfM,2021-02-05,-8.809708333333333,0.8669791666666666,NA,25.0204375
SE-HfM,2021-02-06,-9.507270833333333,0.866375,NA,25.674812499999998
SE-HfM,2021-02-07,-9.4161875,0.8617291666666667,NA,32.072562500000004
SE-HfM,2021-02-08,-9.715625,0.8589375,NA,26.409625
SE-HfM,2021-02-09,-11.259375,0.857625,NA,21.466875
SE-HfM,2021-02-10,-14.679375,0.8576874999999999,NA,92.09325
SE-HfM,2021-02-11,-12.909375,0.8579583333333333,NA,88.99510416666666
SE-HfM,2021-02-12,-5.704104166666666,0.8619791666666666,NA,38.750416666666666
SE-HfM,2021-02-13,-5.1634375,0.8620208333333333,NA,65.54195833333334
SE-HfM,2021-02-14,-10.300645833333334,0.8587291666666667,NA,77.6104375
SE-HfM,2021-02-15,-10.250145833333333,0.853,NA,80.244
SE-HfM,2021-02-16,-12.071666666666667,0.8530416666666667,NA,78.47052083333334
SE-HfM,2021-02-17,-17.76625,0.8474791666666667,NA,97.874875
SE-HfM,2021-02-18,-9.711875,0.85575,NA,31.950604166666665
SE-HfM,2021-02-19,-7.302666666666667,0.859375,NA,38.734125
SE-HfM,2021-02-20,-4.717583333333334,0.8616458333333333,NA,33.8940625
SE-HfM,2021-02-21,-11.603583333333333,0.8556874999999999,NA,23.965979166666667
SE-HfM,2021-02-22,-12.528541666666667,0.8565,NA,42.501333333333335
SE-HfM,2021-02-23,-5.315166666666666,0.8603333333333333,NA,47.02375
SE-HfM,2021-02-24,-0.9848541666666667,0.8666041666666666,NA,44.1593125
SE-HfM,2021-02-25,2.4646875,0.867625,NA,120.50910416666666
SE-HfM,2021-02-26,1.968625,0.8672291666666666,NA,124.19310416666667
SE-HfM,2021-02-27,0.10522916666666668,0.8644166666666666,NA,64.73889583333333
SE-HfM,2021-02-28,4.222395833333334,0.8578333333333333,NA,99.35439583333334
SE-HfM,2021-03-01,3.231145833333333,0.8412708333333333,NA,128.56591666666665
SE-HfM,2021-03-02,1.0470416666666666,0.8251875,NA,140.51108333333335
SE-HfM,2021-03-03,-0.6534791666666666,0.8119166666666666,NA,133.69552083333332
SE-HfM,2021-03-04,-4.9950625,0.7905416666666667,NA,154.13625
SE-HfM,2021-03-05,-7.3424375,0.7902916666666667,NA,160.32129166666667
SE-HfM,2021-03-06,-3.5389791666666666,0.8048958333333334,NA,107.55875
SE-HfM,2021-03-07,-5.353229166666667,0.803,NA,102.4935625
SE-HfM,2021-03-08,-7.619833333333333,0.8023333333333333,NA,119.93891666666667
SE-HfM,2021-03-09,-9.306979166666666,0.8052916666666667,NA,133.82172916666667
SE-HfM,2021-03-10,-12.684541666666666,0.8025,NA,180.6528125
SE-HfM,2021-03-11,-6.464645833333333,0.8081250000000001,NA,37.62022916666667
SE-HfM,2021-03-12,-4.714770833333334,0.8124166666666667,NA,101.42095833333333
SE-HfM,2021-03-13,-3.546520833333333,0.8163125,NA,75.56854166666666
SE-HfM,2021-03-14,-2.5877083333333335,0.8217291666666666,NA,116.76995833333334
SE-HfM,2021-03-15,-1.3029583333333334,0.8242083333333333,NA,127.78775
SE-HfM,2021-03-16,-3.5763541666666665,0.8233541666666666,NA,214.971625
SE-HfM,2021-03-17,-3.5653125,0.8234583333333333,NA,195.74770833333332
SE-HfM,2021-03-18,-5.957708333333334,0.8237291666666666,NA,234.01760416666667
SE-HfM,2021-03-19,-7.645145833333333,0.8268125,NA,189.532
SE-HfM,2021-03-20,2.0675416666666666,0.8322499999999999,NA,85.02222916666666
SE-HfM,2021-03-21,-1.7090833333333333,0.8260416666666667,NA,249.01991666666666
SE-HfM,2021-03-22,-1.6231458333333333,0.8275208333333333,NA,174.876
SE-HfM,2021-03-23,4.908833333333333,0.8288958333333333,NA,195.12095833333333
SE-HfM,2021-03-24,4.27125,0.8269583333333332,NA,212.17427083333334
SE-HfM,2021-03-25,2.3842499999999998,0.82875,NA,275.8250208333333
SE-HfM,2021-03-26,1.2114375,0.8299166666666666,NA,287.98072916666666
SE-HfM,2021-03-27,1.4571458333333334,0.8467708333333334,NA,167.99922916666665
SE-HfM,2021-03-28,0.8991666666666667,0.838375,NA,75.4075625
SE-HfM,2021-03-29,0.8064791666666666,0.82875,NA,98.33154166666667
SE-HfM,2021-03-30,3.5433333333333334,0.7903125000000001,NA,264.0280416666667
SE-HfM,2021-03-31,2.499,0.7860625,NA,297.72837499999997
SE-HfM,2021-04-01,1.4948125,0.7771250000000001,NA,253.32810416666666
SE-HfM,2021-04-02,1.109875,0.7726875,NA,251.35460416666666
SE-HfM,2021-04-03,0.5331041666666667,0.7715625,NA,226.21341666666666
SE-HfM,2021-04-04,3.4875416666666665,0.7727083333333333,NA,151.82710416666666
SE-HfM,2021-04-05,-0.21183333333333332,0.7684375,NA,307.12789583333335
SE-HfM,2021-04-06,-0.5853958333333333,0.7413333333333333,NA,278.9567083333333
SE-HfM,2021-04-07,9.166666666666737e-4,0.7513958333333334,NA,341.2880625
SE-HfM,2021-04-08,-2.5180416666666665,0.752625,NA,377.21085416666665
SE-HfM,2021-04-09,-1.4402291666666667,0.7712291666666666,NA,133.58725
SE-HfM,2021-04-10,-2.177583333333333,0.7763125000000001,NA,345.14297916666663
SE-HfM,2021-04-11,0.31714583333333335,0.7738125,NA,400.6010625
SE-HfM,2021-04-12,-1.2307708333333334,0.7781666666666667,NA,104.808125
SE-HfM,2021-04-13,-1.60725,0.7866875,NA,172.5614375
SE-HfM,2021-04-14,-0.9688958333333334,0.7825,NA,389.40816666666666
SE-HfM,2021-04-15,2.444625,0.7724791666666667,NA,420.956
SE-HfM,2021-04-16,4.256083333333334,0.7528333333333334,NA,437.1918958333333
SE-HfM,2021-04-17,5.019645833333334,0.7519791666666666,NA,441.82560416666666
SE-HfM,2021-04-18,6.3810625,0.7459791666666666,NA,447.4161041666667
SE-HfM,2021-04-19,6.464604166666667,0.7384583333333333,NA,404.3254791666667
SE-HfM,2021-04-20,6.090333333333334,0.7324999999999999,NA,451.2708333333333
SE-HfM,2021-04-21,3.613125,0.7368958333333333,NA,334.50047916666665
SE-HfM,2021-04-22,1.176,0.7271458333333333,NA,390.102375
SE-HfM,2021-04-23,-0.43464583333333334,0.7315416666666666,NA,168.66610416666666
SE-HfM,2021-04-24,-0.8457708333333334,0.74435416666666665,NA,285.39304166666665
SE-HfM,2021-04-25,-0.5355625,0.7402083333333334,NA,291.183125
SE-HfM,2021-04-26,0.8189375,0.7395416666666667,NA,487.43722916666667
SE-HfM,2021-04-27,0.380875,0.7437708333333334,NA,367.71575
SE-HfM,2021-04-28,-0.7870208333333334,0.7442708333333333,NA,382.0006875
SE-HfM,2021-04-29,0.36341666666666667,0.7465833333333334,NA,434.2099583333333
SE-HfM,2021-04-30,0.6985833333333333,0.7547083333333333,NA,431.48727083333335
SE-HfM,2021-05-01,-0.6837708333333333,0.7551875,8.455020433267718,424.26729166666667
SE-HfM,2021-05-02,0.4889583333333334,0.7611875,8.036270433267719,466.2174166666667
SE-HfM,2021-05-03,1.4074791666666666,0.77127083333333335,7.5696037666010545,388.3507916666667
SE-HfM,2021-05-04,2.261229166666667,0.7753125000000001,6.862312099934392,399.7671875
SE-HfM,2021-05-05,0.902875,0.7783333333333333,5.2518954332677215,451.50866666666667
SE-HfM,2021-05-06,-0.345875,0.7486875,2.8581454332677207,321.56864583333333
SE-HfM,2021-05-07,0.2940833333333333,0.7342083333333334,2.3227287666010525,426.17216666666667
SE-HfM,2021-05-08,1.9350833333333333,0.7355625,2.2164787666010577,497.64229166666667
SE-HfM,2021-05-09,3.7967291666666667,0.7414583333333333,1.8925204332677232,517.3660416666667
SE-HfM,2021-05-10,3.6474375,0.8050833333333334,1.727937099934389,131.77560416666665
SE-HfM,2021-05-11,8.081166666666666,1.2687083333333333,0.863353766601058,289.64591666666666
SE-HfM,2021-05-12,12.016645833333333,3.20025,0.08939543326772229,500.3986875
SE-HfM,2021-05-13,15.4955,8.665541666666666,-0.6251879000656103,577.8161458333333
SE-HfM,2021-05-14,8.0874375,10.510833333333332,-1.0137295667322783,241.18104166666666
SE-HfM,2021-05-15,6.577,8.917083333333334,-1.4158129000656106,256.03704166666665
SE-HfM,2021-05-16,8.49325,10.308333333333334,-1.879354566732276,314.0713958333333
SE-HfM,2021-05-17,7.660458333333334,10.654375,-1.8908129000656093,241.70685416666666
SE-HfM,2021-05-18,8.425625,10.833124999999999,-1.7376879000656105,363.68304166666667
SE-HfM,2021-05-19,9.5138541666666665,10.653125,-2.352271233398945,319.340375
SE-HfM,2021-05-20,10.931583333333334,10.947083333333333,-3.5418545667322805,616.5004583333333
SE-HfM,2021-05-21,5.864229166666667,11.393333333333333,-3.752271233398948,258.2129375
SE-HfM,2021-05-22,1.202875,7.609895833333333,-2.166854566732279,194.2639375
SE-HfM,2021-05-23,1.260875,6.470458333333333,-1.7147712333989438,226.35222916666666
SE-HfM,2021-05-24,5.5138541666666665,8.032520833333333,-2.292896233398947,376.211625
SE-HfM,2021-05-25,9.027760157071862,10.8175,-2.947298169302118,634.8509166666666
SE-HfM,2021-05-26,7.805319218847143,11.873958333333333,-3.377009106321687,629.6258333333334
SE-HfM,2021-05-27,6.978405092459318,11.313333333333333,-3.9484331104103743,655.4823125
SE-HfM,2021-05-28,4.522337759333268,11.143125,-5.71082319840712,661.5615625
SE-HfM,2021-05-29,8.322791666666667,11.318333333333333,-6.502233164356752,625.1650625
SE-HfM,2021-05-30,13.807416666666667,11.819791666666667,-7.050260974832882,642.6046041666667
SE-HfM,2021-05-31,12.909416666666667,12.850625,-8.131693025086214,604.2248958333333
SE-HfM,2021-06-01,14.0543125,12.988125,-8.927082887789457,568.093625
SE-HfM,2021-06-02,16.010520833333334,13.59125,-9.45160861893154,668.2726458333333
SE-HfM,2021-06-03,17.351875,14.14125,-10.145857684078269,675.327125
SE-HfM,2021-06-04,18.038958333333333,14.618541666666667,-10.962779250383985,656.2132083333333
SE-HfM,2021-06-05,17.591041666666666,14.7,-11.530998859385981,461.04925
SE-HfM,2021-06-06,17.267291666666665,15.396458333333333,-11.743540540006808,562.0740208333333
SE-HfM,2021-06-07,14.453541666666666,15.196041666666666,-11.06890014031309,328.51839583333333
SE-HfM,2021-06-08,13.81875,15.281458333333333,-11.926129088843666,582.9165833333333
SE-HfM,2021-06-09,14.556815643467838,15.760208333333333,-10.535057909739537,459.23516666666666
SE-HfM,2021-06-10,13.710024579041848,15.552708333333333,-7.974230954864076,651.2621875
SE-HfM,2021-06-11,15.362083333333333,15.963541666666666,-8.609015791777814,632.8627083333333
SE-HfM,2021-06-12,12.601875,15.4725,-6.329916007706422,215.20691666666667
SE-HfM,2021-06-13,10.985958333333333,14.421041666666667,-6.054649686640409,561.8949375
SE-HfM,2021-06-14,11.3631875,13.958333333333334,-6.3025744641076455,325.19002083333334
SE-HfM,2021-06-15,10.891395833333334,13.723125,-3.2598878860177423,491.84560416666665
SE-HfM,2021-06-16,8.254229166666667,12.521875,-4.596051647691812,453.97925
SE-HfM,2021-06-17,13.247604166666667,13.205416666666666,-5.38735944437108,557.4932916666667
SE-HfM,2021-06-18,11.9845,14.220625,-5.2338211966527854,187.204
SE-HfM,2021-06-19,8.8218125,13.723541666666666,-5.472627300004164,285.39264583333335
SE-HfM,2021-06-20,7.978020833333334,12.989166666666666,-3.66714696235355,214.54508333333334
SE-HfM,2021-06-21,11.782916666666667,14.209791666666666,-2.1882633641291345,213.04279166666666
SE-HfM,2021-06-22,10.365875,15.128333333333334,-1.6375521755860416,214.4385
SE-HfM,2021-06-23,10.831041666666668,15.328333333333333,-2.329816354877062,439.4643125
SE-HfM,2021-06-24,13.954791666666667,17.034583333333334,-3.4174094777547244,558.0635625
SE-HfM,2021-06-25,17.033541666666668,18.412916666666668,-4.370928640953905,578.7778125
SE-HfM,2021-06-26,13.459166666666667,18.470625,-5.195441867421006,512.8193541666667
SE-HfM,2021-06-27,13.581458333333334,17.555208333333333,-5.698126446022927,468.161625
SE-HfM,2021-06-28,14.265270833333334,16.877916666666668,-6.34447871603451,693.511375
SE-HfM,2021-06-29,14.050833333333333,17.020208333333333,-6.817073258104427,503.32877083333335
SE-HfM,2021-06-30,13.755041666666667,16.768958333333334,-7.9928036254751555,456.26795833333335
SE-HfM,2021-07-01,16.017979166666667,16.750833333333333,-10.157314512879845,688.2394166666667
SE-HfM,2021-07-02,21.304375,17.726875,-10.729365163814721,694.2175
SE-HfM,2021-07-03,19.01,18.893333333333334,-11.505414426406036,679.9815
SE-HfM,2021-07-04,18.789166666666667,19.283541666666668,-12.359007673386655,669.9511875
SE-HfM,2021-07-05,17.542916666666667,19.179375,-13.246452672018108,667.6569166666667
SE-HfM,2021-07-06,20.651666666666667,19.01354166666667,-13.935715153973314,449.51310416666666
SE-HfM,2021-07-07,19.102708333333332,19.240833333333335,-14.498100983788428,443.5626875
SE-HfM,2021-07-08,19.662916666666668,19.475625,-15.221233892151385,643.0541458333333
SE-HfM,2021-07-09,19.989166666666666,19.504375,-16.240910449681135,629.8316041666667
SE-HfM,2021-07-10,18.624791666666667,19.004375,-16.896365304997346,358.7156458333333
SE-HfM,2021-07-11,17.838333333333335,18.546041666666667,-12.334471978134669,337.3507916666667
SE-HfM,2021-07-12,18.887708333333332,18.948333333333334,-13.182992749927863,650.9799583333333
SE-HfM,2021-07-13,19.922083333333333,19.630208333333332,-14.295309974357588,646.3083333333333
SE-HfM,2021-07-14,20.297291666666666,19.888958333333335,-13.996691768609297,461.0965
SE-HfM,2021-07-15,17.793541666666666,19.683333333333334,-13.766381695719566,320.6184166666667
SE-HfM,2021-07-16,14.4725,18.65020833333333,-15.053544346272323,610.5121666666666
SE-HfM,2021-07-17,16.397083333333335,18.325833333333332,-15.81393642118356,425.3764791666667
SE-HfM,2021-07-18,12.623333333333333,17.928958333333334,-10.33279058068188,467.92129166666666
SE-HfM,2021-07-19,12.184166666666666,17.046458333333334,-11.525279597536146,442.63785416666667
SE-HfM,2021-07-20,11.943958333333333,16.587291666666665,-12.736643063450202,499.5190625
SE-HfM,2021-07-21,11.760395833333334,16.08833333333333,-14.000185852622247,535.516125
SE-HfM,2021-07-22,13.029583333333333,15.984375,-14.874033333613557,307.96039583333334
SE-HfM,2021-07-23,12.82725,15.7525,-16.024203732896563,605.2923333333333
SE-HfM,2021-07-24,14.783583333333333,16.1025,-16.976529229246108,484.3489583333333
SE-HfM,2021-07-25,19.274583333333332,17.144791666666666,-17.705192494102302,507.92339583333336
SE-HfM,2021-07-26,19.32875,17.910416666666666,-17.73212355458289,430.58120833333334
SE-HfM,2021-07-27,20.0025,18.101041666666667,-17.152412110824365,571.6689375
SE-HfM,2021-07-28,22.164583333333333,18.350416666666668,-17.524403500738774,536.5671666666667
SE-HfM,2021-07-29,20.663333333333334,18.383333333333333,-18.34296460680593,535.42175
SE-HfM,2021-07-30,13.859791666666666,17.136875,-11.821752334914862,92.70916666666666
SE-HfM,2021-07-31,14.559791666666667,16.49625,-6.946568678703154,302.46852083333334
SE-HfM,2021-08-01,13.034791666666667,16.868541666666665,-6.389866416675275,405.63877083333335
SE-HfM,2021-08-02,10.651833333333334,15.976875,-7.151083033678237,558.4236041666667
SE-HfM,2021-08-03,11.4935,15.549375,-8.110149503918425,534.3143541666667
SE-HfM,2021-08-04,11.441916666666668,15.154791666666666,-8.886798372533338,504.28362500000003
SE-HfM,2021-08-05,13.4705625,15.108333333333334,-9.50714500087782,507.92904166666665
SE-HfM,2021-08-06,15.346458333333333,15.47875,-10.182600781684444,536.4569166666666
SE-HfM,2021-08-07,16.31854166666667,15.647916666666667,-10.843946849061208,504.379125
SE-HfM,2021-08-08,13.728541666666667,15.23,-10.020592585021852,94.77622916666667
SE-HfM,2021-08-09,14.256875,15.112291666666668,-7.077716927153981,84.57195833333333
SE-HfM,2021-08-10,15.46125,15.55875,-6.096180064129562,326.3352291666667
SE-HfM,2021-08-11,15.846458333333333,16.69452492716668,-5.612601285272982,431.91995833333334
SE-HfM,2021-08-12,15.439583333333333,16.915646676146164,-6.364400169600343,501.8370625
SE-HfM,2021-08-13,15.920625,16.975208333333335,-6.541468993883633,397.0462083333333
SE-HfM,2021-08-14,14.09875,16.778420296488857,-5.176854530158045,156.75570833333333
SE-HfM,2021-08-15,12.996875,16.03525499462101,-4.69449387248792,288.71264583333334
SE-HfM,2021-08-16,11.677083333333334,15.762423617148572,-4.544046620378965,133.29433333333333
SE-HfM,2021-08-17,11.501458333333334,15.141634428274676,-5.011322526557206,329.9399375
SE-HfM,2021-08-18,13.055833333333334,15.386458333333334,-1.0603077585324565,179.8920625
SE-HfM,2021-08-19,11.954166666666667,15.2775,-0.6493314556434877,202.21910416666665
SE-HfM,2021-08-20,12.45375,14.947291666666667,-0.7390825726376159,267.10004166666664
SE-HfM,2021-08-21,10.415416666666667,14.280208333333333,-1.58074923930428,255.1816875
SE-HfM,2021-08-22,10.2220625,13.568333333333333,-2.460957572637611,261.74527083333334
SE-HfM,2021-08-23,7.312541666666666,12.81625,-3.229707572637605,315.9306041666667
SE-HfM,2021-08-24,8.052333333333333,11.9825,-3.277624239304272,310.751625
SE-HfM,2021-08-25,8.8155625,11.588333333333333,-0.21929090597094814,70.6646875
SE-HfM,2021-08-26,7.9379583333333334,10.663541666666667,-0.7713742393042812,134.15520833333332
SE-HfM,2021-08-27,10.141583333333333,11.553958333333334,-2.0661659059709447,352.704125
SE-HfM,2021-08-28,11.055416666666666,12.476041666666667,-3.0349159059709385,401.84116666666665
SE-HfM,2021-08-29,12.349958333333333,13.341875,-3.7682492393042675,384.9633958333333
SE-HfM,2021-08-30,11.805583333333333,13.688333333333333,-4.292207572637607,374.6967916666667
SE-HfM,2021-08-31,11.110312500000001,13.423541666666667,-4.714082572637606,313.66254166666664
SE-HfM,2021-09-01,8.349104166666667,12.289375,-5.134915905970933,273.4148333333333
SE-HfM,2021-09-02,6.679125,11.135208333333333,-4.643249239304268,133.919125
SE-HfM,2021-09-03,6.702916666666667,10.45625,-4.746374239304272,323.5509583333333
SE-HfM,2021-09-04,5.613166666666666,10.0875,-5.3661659059709335,309.6085625
SE-HfM,2021-09-05,6.969875,9.813125,-5.642207572637599,204.85991666666666
SE-HfM,2021-09-06,9.483479166666667,10.177083333333334,-5.8547075726376,291.8408958333333
SE-HfM,2021-09-07,11.706458333333334,10.531875,-5.989255963666612,117.74502083333334
SE-HfM,2021-09-08,13.697083333333333,11.270416666666666,-7.294791666666672,262.0632083333333
SE-HfM,2021-09-09,8.121541666666667,11.336666666666666,-7.680208333333342,188.5729375
SE-HfM,2021-09-10,7.397104166666667,10.6075,-7.640625000000006,257.86308333333335
SE-HfM,2021-09-11,8.445625,10.705625,-6.043750000000009,80.64035416666667
SE-HfM,2021-09-12,9.195208333333333,10.751041666666666,-5.4260416666666735,46.5964375
SE-HfM,2021-09-13,6.637291666666667,10.346458333333333,-5.692708333333341,274.1091875
SE-HfM,2021-09-14,5.572895833333333,9.157916666666667,-6.4552083333333385,291.2393333333333
SE-HfM,2021-09-15,3.3882291666666666,8.459791666666666,-6.7427083333333355,175.72854166666667
SE-HfM,2021-09-16,5.069458333333333,8.324791666666666,-6.798958333333336,133.75358333333332
SE-HfM,2021-09-17,4.583895833333333,8.34971535164763,-6.8645833333333375,130.74789583333333
SE-HfM,2021-09-18,4.901770833333333,8.183501990047192,-7.030208333333337,67.73041666666667
SE-HfM,2021-09-19,6.2005,8.138273186292986,-7.264583333333343,139.779
SE-HfM,2021-09-20,4.2225,8.242607095503676,-7.314583333333343,120.29341666666666
SE-HfM,2021-09-21,4.067625,7.992291666666667,-6.835416666666675,74.70170833333333
SE-HfM,2021-09-22,7.098145833333334,7.9303125,-5.829166666666676,49.56227083333333
SE-HfM,2021-09-23,7.702041666666666,8.371875,-1.9604166666666836,29.000416666666666
SE-HfM,2021-09-24,5.644604166666666,7.7086875,-0.67604166666669,35.0325625
SE-HfM,2021-09-25,5.290854166666667,7.1980625,-1.3447916666666877,114.9798125
SE-HfM,2021-09-26,7.1615,6.7643125,-2.564583333333352,199.76429166666668
SE-HfM,2021-09-27,8.679229166666666,8.1726875,-3.5458333333333485,190.63770833333334
SE-HfM,2021-09-28,7.594270833333334,8.217875,-4.184375000000008,69.06872916666667
SE-HfM,2021-09-29,6.676,8.294166666666667,-4.672916666666674,46.330041666666666
SE-HfM,2021-09-30,6.440375,8.029937499999999,-4.84895833333334,42.125
SE-HfM,2021-10-01,7.097291666666667,7.744416666666667,-4.097916666666679,26.715291666666666
SE-HfM,2021-10-02,8.88725,8.4149375,-3.6906250000000127,23.160979166666667
SE-HfM,2021-10-03,7.950083333333334,8.370208333333334,-4.406250000000007,19.033395833333334
SE-HfM,2021-10-04,9.4591666666666665,8.83125,-2.7291666666666856,26.867520833333334
SE-HfM,2021-10-05,8.96625,9.248125,-3.515625000000016,75.14079166666667
SE-HfM,2021-10-06,8.32275,9.041041666666667,-1.8958333333333508,11.483395833333333
SE-HfM,2021-10-07,8.634895833333333,9.34125,-1.2927083333333547,116.18147916666666
SE-HfM,2021-10-08,5.7326875,7.125104166666667,-2.1458333333333535,50.811
SE-HfM,2021-10-09,9.726583333333334,7.068520833333333,-2.944791666666685,141.97477083333334
SE-HfM,2021-10-10,9.353125,8.838541666666666,-3.4625000000000163,44.409625
SE-HfM,2021-10-11,5.614979166666667,8.602145833333333,-3.5145833333333485,104.12297916666667
SE-HfM,2021-10-12,3.6069999999999998,6.910354166666667,-4.159375000000009,121.25602083333334
SE-HfM,2021-10-13,-0.14579166666666665,5.232729166666667,-4.5541666666666725,128.76427083333334
SE-HfM,2021-10-14,2.7720833333333332,3.903625,-4.190625000000008,21.438145833333333
SE-HfM,2021-10-15,2.8795363014261675,4.3966347814190945,-2.698669818360965,17.108356675673093
SE-HfM,2021-10-16,0.25248871553809105,2.7422529344947915,-2.1231238608862446,69.1138992778595
SE-HfM,2021-10-17,0.25485416666666666,2.2969375,-2.9927083333333506,96.21702083333334
SE-HfM,2021-10-18,0.13297916666666665,2.125020833333333,-3.241666666666684,105.07279166666666
SE-HfM,2021-10-19,-2.6235625000000002,2.1328125,-4.255208333333342,79.17722916666666
SE-HfM,2021-10-20,2.6110416666666665,1.9492708333333333,-1.5802083333333512,27.407229166666667
SE-HfM,2021-10-21,-1.19275,1.5114791666666667,-1.255208333333352,36.52614583333333
SE-HfM,2021-10-22,-2.2642708333333332,1.4194583333333333,-1.9395833333333532,37.22825
SE-HfM,2021-10-23,-5.984479166666667,1.3878958333333333,-2.50937500000002,110.1825
SE-HfM,2021-10-24,-2.4852842279541547,1.4234791666666666,-3.0677083333333504,35.1191875
SE-HfM,2021-10-25,0.9607916666666667,1.3885833333333333,-2.53229166666669,75.18729166666667
SE-HfM,2021-10-26,1.0130625,1.3605416666666668,-2.907291666666685,45.77220833333333
SE-HfM,2021-10-27,0.5579583333333333,1.3222291666666668,-2.6729166666666844,24.3406875
SE-HfM,2021-10-28,1.93925,1.2702291666666665,-2.5052083333333557,30.533958333333334
SE-HfM,2021-10-29,4.5415625,1.2222083333333333,-1.8302083333333539,34.77495833333333
SE-HfM,2021-10-30,4.409416666666667,1.4005625,-1.1562500000000204,17.459895833333334
SE-HfM,2021-10-31,3.3678333333333335,2.261416666666667,-1.025000000000021,16.841916666666666
SE-HfM,2021-11-01,4.386979166666666,3.5797708333333333,-1.300000000000021,14.683979166666667
SE-HfM,2021-11-02,6.249104166666666,5.1585,-1.8510416666666867,7.2375625
SE-HfM,2021-11-03,4.635729166666667,5.204729166666667,-2.112500000000019,6.54625
SE-HfM,2021-11-04,3.1970833333333335,4.692520833333333,-1.5468750000000184,10.160187500000001
SE-HfM,2021-11-05,1.2422083333333334,3.9880833333333334,-1.8458333333333539,28.788958333333333
SE-HfM,2021-11-06,-0.4716458333333333,2.4137916666666666,-2.679166666666686,48.48314583333333
SE-HfM,2021-11-07,-3.1919375,1.9033333333333333,-3.2812500000000164,26.219416666666667
SE-HfM,2021-11-08,-7.6062916666666665,1.5807708333333332,-1.3625000000000207,42.60279166666667
SE-HfM,2021-11-09,-3.4090416666666665,1.3760833333333333,-0.11354166666668636,11.141583333333333
SE-HfM,2021-11-10,-0.29514583333333333,1.3206666666666667,-0.3843750000000213,50.672270833333336
SE-HfM,2021-11-11,0.35470833333333335,1.2765833333333334,-0.4052083333333545,24.886770833333333
SE-HfM,2021-11-12,-0.203875,1.2289375,-0.7479166666666891,32.213541666666664
SE-HfM,2021-11-13,-4.782625,1.146,-0.04583333333335359,32.85175
SE-HfM,2021-11-14,-6.497770833333333,1.0839375,0.7468749999999793,33.88675
SE-HfM,2021-11-15,-1.5480833333333333,1.0682083333333334,1.3145833333333112,23.401708333333332
SE-HfM,2021-11-16,0.7602916666666667,1.0447083333333333,1.4718749999999745,18.0805625
SE-HfM,2021-11-17,1.7845416666666667,1.0188125,2.419791666666651,8.531166666666667
SE-HfM,2021-11-18,-0.4618541666666667,1.0114166666666666,2.016666666666646,21.291416666666667
SE-HfM,2021-11-19,-1.418375,0.9513958333333333,2.9239583333333186,11.7549375
SE-HfM,2021-11-20,-0.5749791666666666,0.8632916666666667,2.646874999999981,19.006916666666665
SE-HfM,2021-11-21,-5.4658125,0.7675833333333334,1.3979166666666487,18.297375
SE-HfM,2021-11-22,-7.353354166666667,0.6455208333333333,1.4749999999999854,8.663270833333334
SE-HfM,2021-11-23,-4.096354166666667,0.5768958333333333,1.448958333333317,7.9837291666666665
SE-HfM,2021-11-24,-3.2689583333333334,0.5556875,0.5635416666666501,11.520125
SE-HfM,2021-11-25,-6.5950625,0.5463958333333334,2.7052083333333146,9.0790625
SE-HfM,2021-11-26,-16.18875,0.5427916666666667,2.2697916666666496,16.293479166666668
SE-HfM,2021-11-27,-17.193125,0.5401041666666667,0.9354166666666471,4.341666666666667
SE-HfM,2021-11-28,-13.461458333333333,0.5366041666666667,0.7635416666666512,4.627
SE-HfM,2021-11-29,-10.121875,0.5329791666666667,0.9947916666666539,6.4925625
SE-HfM,2021-11-30,-14.803125,0.5211041666666667,2.6239583333333147,8.26425
SE-HfM,2021-12-01,-18.916875,0.50875,NA,12.118270833333334
SE-HfM,2021-12-02,-16.473958333333332,0.49866666666666665,NA,5.495708333333333
SE-HfM,2021-12-03,-8.681354166666667,0.49322916666666666,NA,2.22075
SE-HfM,2021-12-04,-11.268083333333333,0.4891041666666667,NA,8.295020833333334
SE-HfM,2021-12-05,-14.090833333333332,0.48172916666666665,NA,5.5711875
SE-HfM,2021-12-06,-18.444166666666668,0.47025,NA,3.310625
SE-HfM,2021-12-07,-14.719375,0.4624375,NA,2.8364583333333333
SE-HfM,2021-12-08,-12.255208333333334,0.45416666666666666,NA,2.06875
SE-HfM,2021-12-09,-6.579979166666667,0.44777083333333334,NA,1.1895208333333334
SE-HfM,2021-12-10,-6.066895833333334,0.44635416666666666,NA,1.1239375
SE-HfM,2021-12-11,-4.169583333333334,0.44754166666666667,NA,0.9453125
SE-HfM,2021-12-12,-2.385125,0.45225000000000004,NA,1.1537916666666668
SE-HfM,2021-12-13,-3.8998958333333333,0.4535208333333334,NA,2.0228125
SE-HfM,2021-12-14,-3.9712708333333335,0.45183333333333336,NA,3.0006458333333335
SE-HfM,2021-12-15,-2.9022083333333333,0.4492916666666667,NA,2.9865208333333335
SE-HfM,2021-12-16,-0.19208333333333333,0.4478958333333333,NA,2.0845000000000002
SE-HfM,2021-12-17,0.5208125,0.4483958333333333,NA,6.475270833333333
SE-HfM,2021-12-18,1.8005416666666667,0.44883333333333336,NA,5.5763750000000005
SE-HfM,2021-12-19,-1.9155,0.44764583333333335,NA,3.1716875
SE-HfM,2021-12-20,-10.457916666666666,0.4461875,NA,6.4989375
SE-HfM,2021-12-21,-15.682708333333334,0.43454166666666666,NA,7.059541666666666
SE-HfM,2021-12-22,-17.329166666666666,0.4114791666666667,NA,4.517916666666666
SE-HfM,2021-12-23,-10.344583333333333,0.39508333333333334,NA,3.243
SE-HfM,2021-12-24,-11.430208333333333,0.38304166666666667,NA,5.973979166666666
SE-HfM,2021-12-25,-10.029166666666667,0.36685416666666665,NA,6.448604166666667
SE-HfM,2021-12-26,-14.013958333333333,0.35052083333333334,NA,6.173145833333333
SE-HfM,2021-12-27,-17.035625,0.30902083333333336,NA,7.152270833333334
SE-HfM,2021-12-28,-6.081916666666666,0.289125,NA,4.002375
SE-HfM,2021-12-29,-4.886666666666667,0.3542708333333333,NA,2.5022083333333334
SE-HfM,2021-12-30,-4.739229166666667,0.3682916666666667,NA,2.336666666666667
SE-HfM,2021-12-31,-9.785229166666667,0.3757916666666667,NA,3.4092291666666665
SE-HfM,2022-01-01,-13.3125,0.3475625,NA,3.5052083333333335
SE-HfM,2022-01-02,-5.915958333333333,0.3197291666666667,NA,1.6645833333333333
SE-HfM,2022-01-03,-5.673770833333333,0.35791666666666666,NA,2.139104166666667
SE-HfM,2022-01-04,-6.3894375,0.380625,NA,2.3361875
SE-HfM,2022-01-05,-10.325166666666666,0.38697916666666665,NA,2.5305833333333334
SE-HfM,2022-01-06,-10.75625,0.37645833333333334,NA,4.7155
SE-HfM,2022-01-07,-15.701458333333333,0.3495625,NA,5.840416666666667
SE-HfM,2022-01-08,-16.250416666666666,0.31172916666666667,NA,3.4483958333333335
SE-HfM,2022-01-09,-15.395,0.2992708333333333,NA,3.509
SE-HfM,2022-01-10,-11.91525,0.2918125,NA,3.8958541666666666
SE-HfM,2022-01-11,-3.4191041666666666,0.30366666666666664,NA,2.1627083333333332
SE-HfM,2022-01-12,-1.3816041666666667,0.35091666666666665,NA,5.085916666666667
SE-HfM,2022-01-13,0.8739791666666666,0.3891458333333333,NA,7.763375
SE-HfM,2022-01-14,-0.8581875,0.4285,NA,10.9861875
SE-HfM,2022-01-15,-2.6071041666666668,0.43864583333333335,NA,10.391291666666666
SE-HfM,2022-01-16,-0.48425,0.439375,NA,5.096979166666666
SE-HfM,2022-01-17,-4.859,0.4352083333333333,NA,12.9644375
SE-HfM,2022-01-18,-2.3834375,0.4152708333333333,NA,8.448708333333334
SE-HfM,2022-01-19,2.9104375,0.41466666666666663,NA,11.832125
SE-HfM,2022-01-20,-4.255791666666667,0.433125,NA,18.133041666666667
SE-HfM,2022-01-21,-7.933770833333333,0.4436875,NA,19.6711875
SE-HfM,2022-01-22,-7.565729166666666,0.43816666666666665,NA,10.311166666666667
SE-HfM,2022-01-23,3.5174374999999998,0.4115,NA,20.149854166666668
SE-HfM,2022-01-24,2.1839375,0.4185833333333333,NA,19.506520833333333
SE-HfM,2022-01-25,-4.656854166666666,0.42343749999999997,NA,25.5933125
SE-HfM,2022-01-26,-6.653583333333334,0.39670833333333333,NA,22.453895833333334
SE-HfM,2022-01-27,-6.043104166666667,0.4068333333333333,NA,11.587125
SE-HfM,2022-01-28,-5.800104166666666,0.43714583333333334,NA,29.6860625
SE-HfM,2022-01-29,-4.3656041666666665,0.4362916666666667,NA,12.1881875
SE-HfM,2022-01-30,-7.503875,0.42972916666666666,NA,24.02766666666667
SE-HfM,2022-01-31,-12.6075,0.4282708333333333,NA,37.07091666666667
SE-HfM,2022-02-01,-12.954583333333334,0.43795833333333334,NA,22.421770833333333
SE-HfM,2022-02-02,-12.785416666666666,0.40320833333333334,NA,26.138041666666666
SE-HfM,2022-02-03,-15.464583333333334,0.36133333333333334,NA,38.29975
SE-HfM,2022-02-04,-5.5845625,0.3444583333333333,NA,10.766875
SE-HfM,2022-02-05,-4.495354166666667,0.35941666666666666,NA,34.325625
SE-HfM,2022-02-06,-4.252083333333333,0.3816041666666667,NA,24.147958333333335
SE-HfM,2022-02-07,-6.59075,0.384,NA,40.86272916666667
SE-HfM,2022-02-08,-5.961145833333333,0.3882916666666667,NA,26.532354166666668
SE-HfM,2022-02-09,-4.824833333333333,0.3839375,NA,45.5155625
SE-HfM,2022-02-10,-2.6155833333333334,0.3847916666666667,NA,58.46272916666667
SE-HfM,2022-02-11,-6.610083333333334,0.38797916666666665,NA,67.12220833333333
SE-HfM,2022-02-12,-5.981145833333334,0.37024999999999997,NA,69.54489583333333
SE-HfM,2022-02-13,-1.8684791666666667,0.34229166666666666,NA,33.96508333333333
SE-HfM,2022-02-14,-6.712,0.35412499999999997,NA,60.94558333333333
SE-HfM,2022-02-15,-8.712770833333334,0.34197916666666667,NA,26.232916666666668
SE-HfM,2022-02-16,-7.5160833333333334,0.329125,NA,22.9121875
SE-HfM,2022-02-17,-6.478916666666667,0.34725,NA,42.11958333333333
SE-HfM,2022-02-18,-8.257604166666667,0.36493749999999997,NA,56.002
SE-HfM,2022-02-19,-9.3644375,0.3734375,NA,92.68627083333334
SE-HfM,2022-02-20,-7.462416666666667,0.37172916666666667,NA,66.06227083333333
SE-HfM,2022-02-21,-10.299583333333333,0.3657083333333333,NA,32.4775625
SE-HfM,2022-02-22,-13.349583333333333,0.36324999999999996,NA,106.92622916666666
SE-HfM,2022-02-23,-8.6773125,0.3524583333333333,NA,50.275125
SE-HfM,2022-02-24,-1.1065208333333334,0.3418333333333333,NA,81.61029166666667
SE-HfM,2022-02-25,-3.708083333333333,0.34904166666666664,NA,108.96547916666667
SE-HfM,2022-02-26,-5.355270833333333,0.3606875,NA,121.24914583333333
SE-HfM,2022-02-27,-1.022875,0.36383333333333334,NA,121.43627083333334
SE-HfM,2022-02-28,0.26781249999999995,0.36291666666666667,NA,137.29464583333333
SE-HfM,2022-03-01,-0.7675625,0.3657916666666667,NA,92.23733333333334
SE-HfM,2022-03-02,1.9161666666666668,0.3647708333333333,NA,120.2059375
SE-HfM,2022-03-03,-2.529354166666667,0.3676041666666667,NA,148.3030625
SE-HfM,2022-03-04,-5.549291666666667,0.370375,NA,154.17020833333333
SE-HfM,2022-03-05,-3.222729166666667,0.34991666666666665,NA,125.21608333333333
SE-HfM,2022-03-06,-0.4066666666666667,0.3299375,NA,142.51516666666666
SE-HfM,2022-03-07,-2.6740625000000002,0.3380625,NA,84.16279166666666
SE-HfM,2022-03-08,-0.5659791666666667,0.3478958333333333,NA,124.50820833333333
SE-HfM,2022-03-09,-3.5651875,0.358875,NA,91.2373125
SE-HfM,2022-03-10,-0.026229166666666675,0.37202083333333336,NA,146.44208333333333
SE-HfM,2022-03-11,3.282583333333333,0.3722083333333333,NA,134.64922916666666
SE-HfM,2022-03-12,1.4053958333333334,0.3826041666666667,NA,196.62
SE-HfM,2022-03-13,0.13902083333333332,0.3851875,NA,201.21541666666667
SE-HfM,2022-03-14,1.0583541666666667,0.3769375,NA,173.97814583333334
SE-HfM,2022-03-15,0.8929583333333333,0.35716666666666663,NA,220.49033333333333
SE-HfM,2022-03-16,-0.8158333333333333,0.34554166666666664,NA,198.71610416666667
SE-HfM,2022-03-17,-0.18920833333333337,0.3606875,NA,191.94791666666666
SE-HfM,2022-03-18,1.3645625,0.38264583333333335,NA,158.04104166666667
SE-HfM,2022-03-19,4.378708333333333,0.39195833333333335,NA,181.11579166666667
SE-HfM,2022-03-20,6.113895833333333,0.39937500000000004,NA,248.29387499999999
SE-HfM,2022-03-21,5.367916666666667,0.40625,NA,257.3553958333333
SE-HfM,2022-03-22,1.4654375,0.41333333333333333,NA,255.14452083333333
SE-HfM,2022-03-23,3.4859791666666666,0.42074999999999996,NA,252.12804166666666
SE-HfM,2022-03-24,2.976583333333333,0.4278125,NA,118.48377083333334
SE-HfM,2022-03-25,1.7002708333333334,0.43564583333333334,NA,172.01325
SE-HfM,2022-03-26,-2.3852291666666665,0.4375625,NA,253.46766666666667
SE-HfM,2022-03-27,-3.8893541666666667,0.4421041666666667,NA,87.29708333333333
SE-HfM,2022-03-28,-4.609604166666666,0.4499166666666667,NA,172.99795833333334
SE-HfM,2022-03-29,-7.9765625,0.446625,NA,298.0368125
SE-HfM,2022-03-30,-4.2324375,0.4471875,NA,222.9935625
SE-HfM,2022-03-31,-6.6591875,0.4504166666666667,NA,240.60399999999998
SE-HfM,2022-04-01,-6.035625,0.4537291666666667,NA,229.17460416666665
SE-HfM,2022-04-02,-3.8008333333333333,0.456,NA,191.088625
SE-HfM,2022-04-03,-3.3442291666666666,0.45758333333333334,NA,273.73
SE-HfM,2022-04-04,-6.388958333333333,0.4597291666666667,NA,199.431125
SE-HfM,2022-04-05,-7.810083333333333,0.4589375,NA,351.0957916666667
SE-HfM,2022-04-06,-3.7571458333333334,0.46414583333333337,NA,211.22839583333334
SE-HfM,2022-04-07,-4.836854166666667,0.4669375,NA,174.54285416666667
SE-HfM,2022-04-08,-2.786979166666667,0.474375,NA,111.02308333333333
SE-HfM,2022-04-09,-2.554145833333333,0.4775833333333333,NA,163.44879166666666
SE-HfM,2022-04-10,-4.572020833333333,0.4764791666666666,NA,189.870125
SE-HfM,2022-04-11,-1.4223333333333332,0.4788125,NA,326.382875
SE-HfM,2022-04-12,-0.5220625,0.4729583333333333,NA,355.018625
SE-HfM,2022-04-13,1.5670625,0.4722708333333333,NA,273.67235416666665
SE-HfM,2022-04-14,1.3802708333333333,0.47291666666666665,NA,394.0701041666667
SE-HfM,2022-04-15,0.7586875000000001,0.4786791480615544,NA,423.728875
SE-HfM,2022-04-16,3.2647083333333335,0.4832412754377913,NA,282.8749583333333
SE-HfM,2022-04-17,5.8221875,0.4703333333333333,NA,426.48020833333334
SE-HfM,2022-04-18,6.985166666666667,0.47535416666666663,NA,414.7155833333333
SE-HfM,2022-04-19,7.1976458333333335,0.4814791666666666,NA,444.4599375
SE-HfM,2022-04-20,7.2369375,0.48597916666666663,NA,461.2300416666667
SE-HfM,2022-04-21,9.017270833333333,0.48802083333333335,NA,464.6896875
SE-HfM,2022-04-22,5.6954375,0.4874583333333333,NA,433.1329583333333
SE-HfM,2022-04-23,4.1395625,0.47985416666666664,NA,306.9429583333333
SE-HfM,2022-04-24,3.7235833333333335,0.4745833333333333,NA,475.6183541666667
SE-HfM,2022-04-25,3.8110416666666667,0.468875,NA,373.49022916666667
SE-HfM,2022-04-26,-0.5266041666666667,0.455,NA,367.94927083333334
SE-HfM,2022-04-27,-1.9332083333333334,0.4411041666666667,NA,391.7755625
SE-HfM,2022-04-28,-0.4919791666666667,0.44116666666666665,NA,357.146
SE-HfM,2022-04-29,-0.08931250000000002,0.4361041666666667,NA,397.52020833333336
SE-HfM,2022-04-30,3.0650833333333334,0.4417916666666667,NA,285.1128541666667
SE-HfM,2022-05-01,3.2004166666666665,0.4434166666666667,-1.7218750000000211,424.6615
SE-HfM,2022-05-02,3.8262916666666666,0.4462916666666667,-2.4750000000000196,392.23710416666665
SE-HfM,2022-05-03,0.5225208333333333,0.4365625,-3.868750000000019,373.6088541666667
SE-HfM,2022-05-04,1.4181458333333334,0.4400833333333333,-4.517708333333352,510.71922916666665
SE-HfM,2022-05-05,5.113354166666666,0.44766666666666666,-3.2447916666666847,376.4934375
SE-HfM,2022-05-06,7.180229166666667,0.4546041666666667,-2.0229166666666867,506.8449791666667
SE-HfM,2022-05-07,5.479583333333333,0.45639583333333333,-2.0916666666666868,437.1408125
SE-HfM,2022-05-08,2.6250833333333334,0.44952083333333337,-3.197916666666684,424.05308333333335
SE-HfM,2022-05-09,6.3248541666666664,0.4624166666666667,-3.9677083333333427,411.5978958333333
SE-HfM,2022-05-10,8.4610625,0.4869791666666667,-4.5177083333333385,413.4175416666667
SE-HfM,2022-05-11,8.925645833333332,3.7019583333333332,-4.0968750000000105,414.5872083333333
SE-HfM,2022-05-12,6.706895833333333,7.881166666666667,-3.8781250000000123,270.68220833333334
SE-HfM,2022-05-13,8.237458333333333,8.379541666666666,-3.7552083333333464,473.76385416666665
SE-HfM,2022-05-14,6.566166666666667,9.135208333333333,-4.2791666666666774,295.991125
SE-HfM,2022-05-15,6.5465,8.063666666666666,-5.146875000000007,405.96708333333333
SE-HfM,2022-05-16,4.5228125,7.145770833333334,-6.147395833333339,347.6434375
SE-HfM,2022-05-17,5.254520833333333,6.919708333333333,-7.0760416666666694,571.4135625
SE-HfM,2022-05-18,10.5918125,8.474354166666666,-7.645833333333343,577.9087291666667
SE-HfM,2022-05-19,6.4000625,9.445833333333333,-8.187500000000012,404.27110416666665
SE-HfM,2022-05-20,8.793354166666667,9.064166666666667,-8.61458333333334,355.7066875
SE-HfM,2022-05-21,11.112020833333334,9.640208333333334,-9.068750000000003,571.8783958333333
SE-HfM,2022-05-22,11.6284375,10.52875,-9.826041666666667,612.7619375
SE-HfM,2022-05-23,10.827270833333333,10.662916666666666,-10.616666666666667,593.3885208333334
SE-HfM,2022-05-24,10.22375,10.755,-11.497916666666667,617.0347708333334
SE-HfM,2022-05-25,11.081729166666667,10.643125,-12.236458333333333,430.0565625
SE-HfM,2022-05-26,9.974375,10.769583333333333,-9.756250000000003,288.573
SE-HfM,2022-05-27,9.400520833333333,11.326875,-8.615625000000001,320.9051666666667
SE-HfM,2022-05-28,7.744270833333333,11.205416666666666,-6.656250000000006,347.60710416666666
SE-HfM,2022-05-29,9.862875,11.450208333333332,-6.460416666666676,379.7716458333333
SE-HfM,2022-05-30,11.681041666666667,11.837708333333333,-6.551041666666674,259.32152083333335
SE-HfM,2022-05-31,12.143541666666666,12.099375,-6.700000000000004,349.33377083333335
SE-HfM,2022-06-01,9.215,11.898333333333333,-4.480208333333331,104.5640625
SE-HfM,2022-06-02,11.909104166666667,11.311458333333333,-3.5385416666666627,375.89272916666664
SE-HfM,2022-06-03,10.955625,12.39375,-3.5374999999999983,326.1452291666667
SE-HfM,2022-06-04,11.659166666666668,12.733958333333334,-4.476041666666664,460.418625
SE-HfM,2022-06-05,9.1014375,12.398125,-5.420833333333334,490.48283333333336
SE-HfM,2022-06-06,9.559625,11.892649767581993,-6.1927083333333375,642.078875
SE-HfM,2022-06-07,13.470583333333334,12.893125,-6.992708333333337,693.9722708333334
SE-HfM,2022-06-08,13.389375,13.307083333333333,-7.328125000000005,345.6483333333333
SE-HfM,2022-06-09,10.410666666666666,13.127708333333333,-5.668750000000003,202.22533333333334
SE-HfM,2022-06-10,13.101708333333333,12.921041666666667,-6.5520833333333375,600.1045
SE-HfM,2022-06-11,14.060833333333333,13.764375,-7.180208333333338,509.15345833333333
SE-HfM,2022-06-12,12.292625000000001,14.172291666666666,-6.171875000000001,441.37629166666665
SE-HfM,2022-06-13,13.0139375,13.991458333333334,-4.879166666666662,458.8512083333333
SE-HfM,2022-06-14,12.934791666666667,14.367916666666666,-5.383333333333334,575.9014375
SE-HfM,2022-06-15,12.022354166666666,14.058541666666667,-5.853125000000007,518.8865208333333
SE-HfM,2022-06-16,12.797166666666667,13.872291666666667,-6.383333333333338,609.7414583333333
SE-HfM,2022-06-17,13.150291666666666,14.1875,-7.241666666666674,613.5683958333333
SE-HfM,2022-06-18,10.568125,14.165,-5.065624999999997,148.85054166666666
SE-HfM,2022-06-19,10.062395833333333,12.584791666666666,0.3062499999999806,196.6798125
SE-HfM,2022-06-20,13.210416666666667,14.133333333333333,-0.8635416666666869,557.0491041666667
SE-HfM,2022-06-21,14.594416666666667,15.88125,-2.646354166666671,468.31624999999997
SE-HfM,2022-06-22,11.7290625,16.103541666666665,-4.732291666666648,637.9944375
SE-HfM,2022-06-23,14.256874999999999,15.693958333333333,-4.649999999999984,332.65095833333334
SE-HfM,2022-06-24,18.954375,16.878125,-5.551041666666652,686.9595625
SE-HfM,2022-06-25,19.778958333333332,18.518333333333334,-6.3270833333333165,689.7198541666667
SE-HfM,2022-06-26,21.90375,19.229166666666668,-7.06979166666665,604.7387083333333
SE-HfM,2022-06-27,21.457291666666666,19.525416666666665,-7.957291666666656,679.3897291666667
SE-HfM,2022-06-28,22.77,19.783541666666668,-8.98958333333332,647.7307916666666
SE-HfM,2022-06-29,22.339166666666667,20.088333333333335,-9.92604166666666,599.5891041666666
SE-HfM,2022-06-30,22.854791666666667,20.317291666666666,-10.739583333333334,610.3383333333334
SE-HfM,2022-07-01,22.6175,20.345,-10.938541666666666,563.0334583333333
SE-HfM,2022-07-02,20.182916666666667,19.972708333333333,-10.485416666666667,327.6905208333333
SE-HfM,2022-07-03,17.403958333333332,19.452836510651895,-11.289583333333333,549.56275
SE-HfM,2022-07-04,17.195833333333333,18.768617312331987,-12.133333333333333,590.8632291666667
SE-HfM,2022-07-05,13.558708333333334,18.332916666666666,-9.51770833333333,362.51018750000003
SE-HfM,2022-07-06,12.6184375,17.801458333333333,-9.886458333333328,615.910375
SE-HfM,2022-07-07,12.379583333333333,17.405,-10.984375,405.09060416666665
SE-HfM,2022-07-08,12.952916666666667,17.020208333333333,-12.045833333333333,470.3825625
SE-HfM,2022-07-09,11.337291666666667,16.384375,-11.810416666666667,234.29460416666666
SE-HfM,2022-07-10,12.374375,15.854791666666667,-5.579166666666677,385.74875
SE-HfM,2022-07-11,14.872083333333334,16.285416666666666,-6.140625000000015,465.0957916666667
SE-HfM,2022-07-12,17.61,16.782083333333333,-6.771875000000012,634.9580625
SE-HfM,2022-07-13,16.662708333333335,17.15,-7.403125000000011,376.8918958333333
SE-HfM,2022-07-14,13.871458333333333,17.018125,-5.719791666666676,258.840125
SE-HfM,2022-07-15,11.307916666666667,16.197708333333335,-3.740625000000009,172.34977083333334
SE-HfM,2022-07-16,10.958958333333333,14.80289218462315,-2.993750000000007,223.40520833333335
SE-HfM,2022-07-17,10.447479166666668,14.329259210982588,-3.152083333333341,287.2016458333333
SE-HfM,2022-07-18,12.629791666666666,14.39093721039368,-3.852083333333342,401.35125
SE-HfM,2022-07-19,12.726458333333333,15.039791666666666,-4.460416666666676,529.0029375
SE-HfM,2022-07-20,15.022124999999999,15.389166666666666,-5.116666666666675,581.3280625
SE-HfM,2022-07-21,17.795833333333334,16.288333333333334,-5.483333333333343,350.52402083333334
SE-HfM,2022-07-22,15.326666666666666,17.062291666666667,-6.100000000000011,540.0258541666667
SE-HfM,2022-07-23,13.84875,16.689791666666668,-7.002083333333346,614.2427708333333
SE-HfM,2022-07-24,14.600875,16.518125,-7.74687500000001,383.47616666666664
SE-HfM,2022-07-25,14.642291666666667,16.020833333333332,-8.079166666666673,192.38514583333333
SE-HfM,2022-07-26,15.551875,16.090416666666666,-6.240625000000012,178.11716666666666
SE-HfM,2022-07-27,13.257916666666667,16.18125,-5.943750000000011,273.9736041666667
SE-HfM,2022-07-28,11.119833333333334,15.22125,-7.767187500000012,365.62529166666667
SE-HfM,2022-07-29,12.237020833333334,15.037291666666667,-10.134375000000002,412.00870833333335
SE-HfM,2022-07-30,13.524854166666668,15.277008747641961,-10.667708333333334,392.0755
SE-HfM,2022-07-31,15.6703125,15.615833333333333,-11.217708333333333,571.0560416666667
SE-HfM,2022-08-01,14.737916666666667,16.1025,-11.657291666666667,301.4964791666667
SE-HfM,2022-08-02,12.221875,15.832916666666666,-9.935416666666669,263.8076875
SE-HfM,2022-08-03,13.715416666666666,15.163125,-10.404166666666667,119.88327083333333
SE-HfM,2022-08-04,17.636041666666667,15.834583333333333,-11.05,349.3544375
SE-HfM,2022-08-05,15.468541666666667,16.539166666666667,-11.589583333333334,355.4401041666667
SE-HfM,2022-08-06,10.610625,15.678958333333334,-9.598958333333332,184.23545833333333
SE-HfM,2022-08-07,10.902333333333333,14.503958333333333,-7.688541666666664,368.53377083333334
SE-HfM,2022-08-08,11.512354166666666,14.384791666666667,-8.311458333333338,517.2258333333333
SE-HfM,2022-08-09,14.428458333333333,14.590833333333332,-8.770833333333337,453.1753541666667
SE-HfM,2022-08-10,16.760208333333335,15.405,-8.973958333333336,260.20972916666665
SE-HfM,2022-08-11,15.712083333333334,15.65125,-10.156249999999995,371.07075
SE-HfM,2022-08-12,13.207458333333333,15.457070500258796,-11.186458333333334,516.2952291666667
SE-HfM,2022-08-13,10.686854166666667,14.5575,-9.543749999999992,91.60441666666667
SE-HfM,2022-08-14,14.550208333333334,14.601041666666667,-9.16562499999999,416.8430625
SE-HfM,2022-08-15,16.249791666666667,15.191875,-9.756249999999994,379.8665833333333
SE-HfM,2022-08-16,20.048125,16.034583333333334,-10.423958333333333,407.9300416666667
SE-HfM,2022-08-17,17.268125,16.674375,-9.845833333333331,193.07210416666666
SE-HfM,2022-08-18,12.275291666666666,16.00333334590742,-8.79062499999999,325.74833333333333
SE-HfM,2022-08-19,16.61875,16.267708333333335,-9.224999999999993,332.3439375
SE-HfM,2022-08-20,17.713958333333334,16.847083333333334,-7.431249999999997,131.21733333333333
SE-HfM,2022-08-21,15.9775,16.792291666666667,-5.160416666666676,112.08341666666666
SE-HfM,2022-08-22,13.788791666666667,16.503125,-5.915624999999998,443.8683541666667
SE-HfM,2022-08-23,13.2145625,15.62,-6.688541666666662,424.35714583333333
SE-HfM,2022-08-24,13.72875,15.465833333333334,-7.077083333333333,345.4934166666667
SE-HfM,2022-08-25,14.748333333333333,15.28875,-7.5520833333333295,424.5419166666667
SE-HfM,2022-08-26,15.270833333333334,15.67875,-8.001041666666657,414.649125
SE-HfM,2022-08-27,13.615625,15.546875,-7.799999999999994,97.60566666666666
SE-HfM,2022-08-28,10.720458333333333,14.686875,-8.244791666666659,379.6480625
SE-HfM,2022-08-29,10.348375,13.80625,-8.851041666666658,335.54466666666667
SE-HfM,2022-08-30,10.0483125,13.684791666666667,-9.046874999999993,279.06558333333334
SE-HfM,2022-08-31,8.304270833333334,13.414166666666667,-8.75208333333332,272.25039583333336
SE-HfM,2022-09-01,6.9621875,12.674791666666668,-9.270833333333323,303.0105208333333
SE-HfM,2022-09-02,4.893604166666667,11.678958333333334,-9.737499999999988,232.5210625
SE-HfM,2022-09-03,6.522333333333333,11.423333333333334,-10.002083333333324,249.56397916666666
SE-HfM,2022-09-04,6.344791666666667,11.267083333333334,-10.485416666666667,309.16270833333334
SE-HfM,2022-09-05,7.500770833333333,11.04375,-10.842708333333333,359.82185416666664
SE-HfM,2022-09-06,8.0185625,10.825576118848142,-11.098958333333334,227.32116666666667
SE-HfM,2022-09-07,7.1040624999999995,11.072083333333333,-11.409375,200.09435416666668
SE-HfM,2022-09-08,6.279770833333333,10.491875,-11.766666666666666,263.44739583333336
SE-HfM,2022-09-09,9.728020833333334,11.030833333333334,-12.072916666666666,263.18508333333335
SE-HfM,2022-09-10,9.438729166666667,10.908125,-12.405208333333333,325.57989583333335
SE-HfM,2022-09-11,9.7555625,11.023333333333333,-12.651041666666666,181.8725
SE-HfM,2022-09-12,9.8129375,11.399583333333334,-12.809375,208.17716666666666
SE-HfM,2022-09-13,11.300416666666667,11.630416666666667,-12.244791666666666,78.38035416666666
SE-HfM,2022-09-14,9.086875,11.309375,-8.913541666666662,39.4728125
SE-HfM,2022-09-15,9.285,11.022708333333334,-5.891666666666666,59.554562499999996
SE-HfM,2022-09-16,9.385625,10.844583333333333,-3.871875000000014,66.34872916666667
SE-HfM,2022-09-17,8.648104166666666,10.785416666666666,-3.394791666666679,105.62554166666666
SE-HfM,2022-09-18,7.7031875,10.047291666666666,-3.5656250000000105,68.97172916666666
SE-HfM,2022-09-19,6.9523125,9.465416666666666,-4.253125000000012,69.00739583333333
SE-HfM,2022-09-20,4.532770833333333,8.479001009803865,-5.164583333333341,262.3720625
SE-HfM,2022-09-21,5.65175,7.413833333333333,-5.793749999999998,238.1321875
SE-HfM,2022-09-22,7.939291666666667,7.756773024595878,-6.189583333333329,212.00260416666666
SE-HfM,2022-09-23,9.6970833333333335,8.7075,-6.4406249999999945,59.768479166666665
SE-HfM,2022-09-24,9.91125,9.575625,-5.783333333333333,69.89422916666666
SE-HfM,2022-09-25,8.934166666666666,9.867083333333333,-5.197916666666674,83.51316666666666
SE-HfM,2022-09-26,7.430375,9.725624999999999,-5.517708333333334,74.46145833333333
SE-HfM,2022-09-27,7.955354166666667,9.248958333333333,-6.015624999999997,149.50577083333334
SE-HfM,2022-09-28,6.939208333333333,8.973333333333333,-6.32916666666666,70.20135416666666
SE-HfM,2022-09-29,6.193895833333333,8.852708333333334,-6.5260416666666625,93.62554166666666
SE-HfM,2022-09-30,3.7646041666666665,8.280833333333334,-6.759374999999994,68.69741666666667
SE-HfM,2022-10-01,5.174875,7.509791666666667,-6.740624999999998,66.93066666666667
SE-HfM,2022-10-02,7.409770833333333,7.5170625,-6.834374999999996,74.45645833333333
SE-HfM,2022-10-03,7.647541666666666,8.162833333333333,-6.988541666666666,74.16608333333333
SE-HfM,2022-10-04,5.195104166666667,7.691895833333334,-7.142708333333333,86.3004375
SE-HfM,2022-10-05,7.823833333333333,8.0285625,-4.577083333333344,82.3478125
SE-HfM,2022-10-06,8.145145833333334,8.621041666666667,-3.662500000000012,122.31829166666667
SE-HfM,2022-10-07,7.692104166666667,7.170229166666667,-4.247916666666681,120.26
SE-HfM,2022-10-08,6.0324375,7.092792649477278,-4.094791666666678,143.13047916666667
SE-HfM,2022-10-09,5.054541666666666,5.749520833333333,-4.885416666666675,104.58041666666666
SE-HfM,2022-10-10,6.419791666666667,5.643395833333333,-5.2583333333333435,107.43945833333333
SE-HfM,2022-10-11,6.4225625,6.346,-5.167708333333339,88.68395833333334
SE-HfM,2022-10-12,3.246375,5.468541666666667,-5.813541666666662,136.503625
SE-HfM,2022-10-13,5.0536875,4.6565208333333334,-6.047916666666667,105.17697916666667
SE-HfM,2022-10-14,5.987604166666666,5.2523333333333335,-5.915624999999999,98.29725
SE-HfM,2022-10-15,6.794645833333333,6.130229166666667,-5.330208333333337,49.1305
SE-HfM,2022-10-16,2.6109583333333335,5.844014390313395,-4.830208333333341,24.0745
SE-HfM,2022-10-17,2.84325,4.664236139873851,-5.105208333333338,118.71504166666666
SE-HfM,2022-10-18,1.5049583333333334,3.6631875,-5.560416666666667,83.23641666666667
SE-HfM,2022-10-19,2.5045208333333333,3.070625,-5.860416666666665,83.58372916666667
SE-HfM,2022-10-20,2.3431041666666665,2.7726458333333333,-6.191666666666664,97.34889583333333
SE-HfM,2022-10-21,0.7389583333333334,2.6047291666666665,-6.383333333333329,52.20333333333333
SE-HfM,2022-10-22,1.7334166666666666,2.6509375,-6.5739583333333265,61.827625
SE-HfM,2022-10-23,1.0460625000000001,2.6313958333333334,-6.732291666666661,89.25522916666667
SE-HfM,2022-10-24,-2.2258958333333334,2.3320416666666666,-6.099999999999998,65.710875
SE-HfM,2022-10-25,1.4256666666666666,2.0687291666666665,-6.360416666666663,68.05508333333333
SE-HfM,2022-10-26,1.6793958333333334,1.9620625,-6.55833333333333,62.542208333333335
SE-HfM,2022-10-27,3.309645833333333,1.9393958333333334,-6.098958333333333,13.040458333333333
SE-HfM,2022-10-28,5.75925,2.171125,-5.996874999999998,57.81189583333333
SE-HfM,2022-10-29,4.55675,2.5404375,-5.98020833333333,38.78845833333333
SE-HfM,2022-10-30,1.5937708333333334,2.4557083333333334,-6.311458333333329,42.74947916666667
SE-HfM,2022-10-31,0.6264375,2.0594375,-6.023958333333331,29.016729166666668
SE-HfM,2022-11-01,3.3093333333333335,1.8415625,-6.3708333333333265,68.11964583333334
SE-HfM,2022-11-02,4.277395833333333,1.7989791666666666,-6.159374999999996,13.557770833333333
SE-HfM,2022-11-03,5.4692083333333334,2.4615833333333335,-5.864583333333333,12.419395833333333
SE-HfM,2022-11-04,5.597708333333333,3.891558893686692,-6.056249999999997,12.082458333333333
SE-HfM,2022-11-05,4.148104166666666,4.381340946496278,-5.703125000000001,5.4590625
SE-HfM,2022-11-06,1.5778541666666668,3.8670074812029736,-4.581250000000014,19.8388125
SE-HfM,2022-11-07,-0.833625,3.3090416666666664,-5.092708333333341,27.654625
SE-HfM,2022-11-08,-3.3409375,2.5389791666666666,-5.234375000000004,52.023020833333334
SE-HfM,2022-11-09,-3.0813125,2.0793958333333333,-5.371875000000004,10.487229166666667
SE-HfM,2022-11-10,-1.686,1.8221458333333334,-5.8375,16.289895833333333
SE-HfM,2022-11-11,5.272541666666666,1.6199166666666667,-4.626041666666677,28.361208333333334
SE-HfM,2022-11-12,6.5558125,1.6126036392225467,-5.245833333333339,35.635104166666665
SE-HfM,2022-11-13,1.8894166666666667,1.7592708333333333,-5.896874999999998,31.469645833333335
SE-HfM,2022-11-14,-1.0551458333333332,1.6038541666666666,-5.461458333333338,15.233291666666666
SE-HfM,2022-11-15,-3.6191458333333335,1.4354583333333333,-4.494791666666676,32.417229166666665
SE-HfM,2022-11-16,-7.013375,1.1589166666666666,-2.600000000000012,35.978875
SE-HfM,2022-11-17,-9.069,0.971875,-1.4114583333333461,38.59925
SE-HfM,2022-11-18,-8.714520833333333,0.8725625,-1.42604166666668,7.084625
SE-HfM,2022-11-19,-5.1187708333333335,0.7946041666666667,-1.6875000000000109,5.268104166666666
SE-HfM,2022-11-20,-4.7900833333333335,0.743875,-1.4489583333333442,5.287020833333333
SE-HfM,2022-11-21,-6.208625,0.6947291666666666,-1.532291666666679,3.1732916666666666
SE-HfM,2022-11-22,-4.9017083333333336,0.6498541666666667,-1.86354166666668,2.5258958333333332
SE-HfM,2022-11-23,-8.96775,0.6051458333333333,-2.203125000000017,4.4615625
SE-HfM,2022-11-24,-6.672458333333333,0.5575833333333333,-2.395833333333348,2.3285833333333334
SE-HfM,2022-11-25,-3.4629583333333334,0.5306875,-3.1072916666666806,3.9186666666666667
SE-HfM,2022-11-26,-1.6124583333333333,0.5213541666666667,-3.739583333333346,2.421625
SE-HfM,2022-11-27,-0.34177083333333336,0.51779166666666665,-3.88020833333335,1.8775
SE-HfM,2022-11-28,-0.013,0.5201458333333333,-4.191666666666679,2.166375
SE-HfM,2022-11-29,-1.0066041666666667,0.5207083333333333,-4.546875000000007,2.6971875
SE-HfM,2022-11-30,-0.6767291666666667,0.5215416666666667,-4.5770833333333405,3.0014166666666666
SE-HfM,2022-12-01,-1.5924791666666667,0.5188125,NA,6.1355625
SE-HfM,2022-12-02,-5.312583333333333,0.5129375,NA,3.253
SE-HfM,2022-12-03,-5.4511666666666665,0.5027083333333333,NA,2.0356041666666664
SE-HfM,2022-12-04,-6.185270833333333,0.4915625,NA,2.3533125
SE-HfM,2022-12-05,-4.929854166666667,0.4816875,NA,2.037916666666667
SE-HfM,2022-12-06,-5.742541666666667,0.4741666666666666,NA,7.216625
SE-HfM,2022-12-07,-12.54875,0.4589375,NA,3.851208333333333
SE-HfM,2022-12-08,-7.851020833333333,0.4466041666666667,NA,1.3332291666666667
SE-HfM,2022-12-09,-6.132416666666667,0.43933333333333335,NA,1.4438541666666667
SE-HfM,2022-12-10,-8.945625,0.4342916666666667,NA,1.71675
SE-HfM,2022-12-11,-5.675270833333333,0.43233333333333335,NA,1.1326666666666667
SE-HfM,2022-12-12,-11.7740625,0.42935416666666665,NA,2.4915833333333333
SE-HfM,2022-12-13,-15.663958333333333,0.4222083333333333,NA,1.7233541666666667
SE-HfM,2022-12-14,-18.295416666666668,0.41225,NA,4.202145833333334
SE-HfM,2022-12-15,-15.485,0.40237500000000004,NA,3.4238333333333335
SE-HfM,2022-12-16,-12.102708333333334,0.3960208333333334,NA,4.660520833333333
SE-HfM,2022-12-17,-13.015208333333334,0.3849375,NA,3.368291666666667
SE-HfM,2022-12-18,-6.05175,0.3787083333333333,NA,1.063375
SE-HfM,2022-12-19,-7.14125,0.378,NA,2.3678541666666666
SE-HfM,2022-12-20,-3.607875,0.3773125,NA,1.2665208333333333
SE-HfM,2022-12-21,-5.561541666666667,0.37822916666666667,NA,1.14625
SE-HfM,2022-12-22,-7.261979166666666,0.3765,NA,2.0367291666666665
SE-HfM,2022-12-23,-9.007958333333333,0.3692708333333333,NA,4.214833333333333
SE-HfM,2022-12-24,-7.858854166666666,0.3653125,NA,5.3335
SE-HfM,2022-12-25,-9.592395833333333,0.35922916666666665,NA,4.294770833333334
SE-HfM,2022-12-26,-1.2544791666666666,0.3585,NA,2.1089375
SE-HfM,2022-12-27,-5.6827708333333335,0.3641875,NA,1.5405208333333333
SE-HfM,2022-12-28,-8.362208333333333,0.3642708333333333,NA,4.933520833333334
SE-HfM,2022-12-29,-7.297458333333333,0.35643749999999996,NA,2.1797708333333334
SE-HfM,2022-12-30,-0.9105,0.3590833333333333,NA,4.672479166666667
SE-HfM,2022-12-31,-0.16547916666666668,0.364625,NA,2.6752083333333334
SE-Hmr,2020-04-01,-0.5928723404255319,0.495436170212766,NA,331.71621276595744
SE-Hmr,2020-04-02,-2.6713958333333334,0.4955833333333333,NA,201.55408333333332
SE-Hmr,2020-04-03,-2.8762916666666665,0.49323958333333334,NA,211.2718125
SE-Hmr,2020-04-04,-2.9740625,0.49104166666666665,NA,342.5825208333333
SE-Hmr,2020-04-05,-3.3794375,0.489375,NA,387.53454166666666
SE-Hmr,2020-04-06,0.3130833333333333,0.4908125,NA,286.05170833333335
SE-Hmr,2020-04-07,4.2214583333333335,0.4966041666666667,NA,204.36902083333334
SE-Hmr,2020-04-08,4.213229166666666,0.4996875,NA,273.1737708333333
SE-Hmr,2020-04-09,1.3351250000000001,0.50003125,NA,403.82375
SE-Hmr,2020-04-10,-0.2541875,0.49963541666666667,NA,356.83827083333335
SE-Hmr,2020-04-11,-0.7383333333333333,0.4995833333333333,NA,418.583625
SE-Hmr,2020-04-12,-0.04516666666666667,0.5008541666666666,NA,135.86260416666667
SE-Hmr,2020-04-13,-1.7320208333333333,0.5015104166666666,NA,131.45814583333333
SE-Hmr,2020-04-14,1.1431666666666667,0.501625,NA,389.4488958333333
SE-Hmr,2020-04-15,2.451875,0.5013645833333333,NA,412.2998958333333
SE-Hmr,2020-04-16,2.1211041666666666,0.501625,NA,441.07060416666667
SE-Hmr,2020-04-17,1.8244583333333333,0.5005729166666666,NA,447.53825
SE-Hmr,2020-04-18,2.7098541666666667,0.4986979166666667,NA,454.74114583333335
SE-Hmr,2020-04-19,5.3237499999999995,0.49464583333333334,NA,419.6765208333333
SE-Hmr,2020-04-20,5.652291666666667,0.4913645833333333,NA,350.63722916666666
SE-Hmr,2020-04-21,6.0880833333333335,0.4870833333333333,NA,498.3081041666667
SE-Hmr,2020-04-22,4.455145833333333,0.4898020833333333,NA,453.39689583333336
SE-Hmr,2020-04-23,3.2476041666666666,0.48633333333333334,NA,311.8131041666667
SE-Hmr,2020-04-24,2.0776666666666666,0.4848854166666667,NA,220.47033333333334
SE-Hmr,2020-04-25,1.3952291666666665,0.47954166666666664,NA,475.30475
SE-Hmr,2020-04-26,1.9629375,0.4795520833333333,NA,417.1867916666667
SE-Hmr,2020-04-27,0.21179166666666666,0.4705,NA,272.9018541666667
SE-Hmr,2020-04-28,-0.8738958333333333,0.47038541666666667,NA,310.2242708333333
SE-Hmr,2020-04-29,-0.5519791666666667,0.4779791666666666,NA,447.3050416666667
SE-Hmr,2020-04-30,-0.4058333333333333,0.4865,NA,420.44075
SE-Hmr,2020-05-01,1.1314166666666665,0.5019895833333333,6.153125,245.45035416666667
SE-Hmr,2020-05-02,1.8682916666666667,0.5081354166666666,5.704166666666667,124.348125
SE-Hmr,2020-05-03,4.901645833333333,0.5133854166666667,6.919791666666667,463.4345
SE-Hmr,2020-05-04,4.1189583333333335,0.51265625,6.989583333333333,446.04189583333334
SE-Hmr,2020-05-05,4.307541666666666,0.5352291666666666,6.036458333333333,536.4018125
SE-Hmr,2020-05-06,4.3663125,0.565009114796363,3.9509870167751804,455.31322916666664
SE-Hmr,2020-05-07,3.5618125,0.6641770833333334,1.8020833333333335,505.19997916666665
SE-Hmr,2020-05-08,2.218125,0.8333854166666667,1.0802083333333334,319.3975
SE-Hmr,2020-05-09,2.5286666666666666,1.8967395833333334,0.9229166666666667,564.4792083333333
SE-Hmr,2020-05-10,1.2987291666666667,2.0707291666666667,0.13854166666666665,230.99302083333333
SE-Hmr,2020-05-11,0.8163125,2.7527395833333332,-0.04166666666666665,540.9926041666666
SE-Hmr,2020-05-12,0.876,3.7836458333333334,-0.1875,453.4838541666667
SE-Hmr,2020-05-13,2.1146041666666666,5.164,-0.22395833333333334,538.7917916666667
SE-Hmr,2020-05-14,1.7473333333333334,5.81478125,-0.22916666666666669,527.4102916666667
SE-Hmr,2020-05-15,1.7632083333333335,6.283729166666666,-0.4083333333333333,549.1786458333333
SE-Hmr,2020-05-16,1.7841875,6.636041666666666,-0.5166666666666667,447.7800208333333
SE-Hmr,2020-05-17,2.288375,6.2323125,-0.8229166666666666,387.67364583333335
SE-Hmr,2020-05-18,4.0493958333333335,6.885875,-1.0260416666666667,473.2389375
SE-Hmr,2020-05-19,2.512208333333333,7.055552083333334,-0.8239583333333333,377.03014583333334
SE-Hmr,2020-05-20,4.829604166666667,7.5558854166666665,-1.3302083333333334,498.932875
SE-Hmr,2020-05-21,6.054166666666666,9.061458333333333,-1.75,601.9002916666667
SE-Hmr,2020-05-22,7.937166666666667,10.160322916666667,-2.2666666666666666,649.8004166666667
SE-Hmr,2020-05-23,7.8070208333333335,9.743145833333333,-2.696875,490.52625
SE-Hmr,2020-05-24,6.241208333333334,8.915520833333334,-2.105208333333333,181.31864583333333
SE-Hmr,2020-05-25,10.974416666666666,10.518708333333333,-2.5864583333333333,595.3529583333334
SE-Hmr,2020-05-26,13.894916666666667,12.401666666666667,-3.4114583333333335,546.3410833333334
SE-Hmr,2020-05-27,10.865895833333333,12.339791666666667,-3.86875,490.99710416666665
SE-Hmr,2020-05-28,8.317666666666666,10.910729166666666,-4.432291666666667,460.1041875
SE-Hmr,2020-05-29,9.537958333333334,10.3215625,-4.898958333333333,412.21270833333335
SE-Hmr,2020-05-30,11.433125,11.4334375,-5.423958333333333,681.495625
SE-Hmr,2020-05-31,16.2834375,13.153541666666667,-6.079166666666667,677.2134375
SE-Hmr,2020-06-01,19.47625,15.0575,-6.855208333333334,672.18625
SE-Hmr,2020-06-02,16.960208333333334,15.2721875,-7.584375,503.23847916666665
SE-Hmr,2020-06-03,13.595,15.063020833333333,-7.455208333333333,444.83366666666666
SE-Hmr,2020-06-04,14.342166666666667,14.464583333333334,-8.5125,572.3815625
SE-Hmr,2020-06-05,10.988125,13.041770833333333,-8.99375,133.19485416666666
SE-Hmr,2020-06-06,11.390666666666666,12.752604166666666,-7.851041666666667,240.3263125
SE-Hmr,2020-06-07,9.914020833333334,11.6903125,-3.4,167.3884375
SE-Hmr,2020-06-08,10.7178125,12.51,-3.785416666666667,537.6009375
SE-Hmr,2020-06-09,10.653708333333334,13.240104166666667,-5.0375,696.2400833333334
SE-Hmr,2020-06-10,13.651395833333334,14.103645833333333,-5.846875,661.485125
SE-Hmr,2020-06-11,15.910625,14.825520833333334,-6.655208333333333,647.19125
SE-Hmr,2020-06-12,15.4091875,15.330729166666666,-7.553125,699.22125
SE-Hmr,2020-06-13,18.111520833333334,15.925,-8.70625,703.537
SE-Hmr,2020-06-14,20.691666666666666,16.5984375,-9.886458333333334,696.811375
SE-Hmr,2020-06-15,19.398958333333333,16.970416666666665,-10.916666666666666,588.6644583333333
SE-Hmr,2020-06-16,15.621895833333333,16.741041666666668,-11.619791666666666,460.80910416666666
SE-Hmr,2020-06-17,15.905958333333333,16.306666666666665,-12.144791666666666,594.0275416666667
SE-Hmr,2020-06-18,15.714791666666667,16.784479166666667,-11.033333333333333,434.03335416666664
SE-Hmr,2020-06-19,16.895833333333332,16.994583333333335,-12.570833333333333,665.2911458333333
SE-Hmr,2020-06-20,16.764375,16.853958333333335,-13.894791666666666,699.868
SE-Hmr,2020-06-21,18.6125,17.3540625,-14.913541666666667,698.996375
SE-Hmr,2020-06-22,20.485416666666666,17.866979166666667,-15.922916666666667,695.4533333333334
SE-Hmr,2020-06-23,21.745,18.21,-16.85625,541.4435
SE-Hmr,2020-06-24,21.77875,18.466145833333332,-17.805208333333333,634.5826458333333
SE-Hmr,2020-06-25,24.14375,19.093020833333334,-18.788541666666667,639.221125
SE-Hmr,2020-06-26,21.344375,19.464375,-18.784375,558.9008541666667
SE-Hmr,2020-06-27,16.847083333333334,18.866666666666667,-19.936458333333334,596.6052083333333
SE-Hmr,2020-06-28,15.908541666666666,17.8803125,-20.991666666666667,673.5626041666667
SE-Hmr,2020-06-29,14.138541666666667,16.754166666666666,-19.060416666666665,215.56827083333334
SE-Hmr,2020-06-30,15.0375,16.943125,-14.35625,404.18685416666665
SE-Hmr,2020-07-01,11.0581875,16.341458333333332,-15.492708333333333,414.5936875
SE-Hmr,2020-07-02,9.85375,15.320625,-17.834375,597.2665833333333
SE-Hmr,2020-07-03,7.900875,14.179479166666667,-12.642708333333333,223.06002083333334
SE-Hmr,2020-07-04,8.1636875,13.161041666666666,-11.305208333333333,252.51235416666668
SE-Hmr,2020-07-05,11.291895833333333,13.839583333333334,-11.795833333333334,578.7127083333334
SE-Hmr,2020-07-06,9.602083333333333,13.3359375,-9.870833333333334,100.97122916666666
SE-Hmr,2020-07-07,11.748333333333333,13.792708333333334,-7.011458333333334,354.9986875
SE-Hmr,2020-07-08,11.461395833333334,14.736041666666667,-7.183333333333334,396.54133333333334
SE-Hmr,2020-07-09,10.212458333333334,14.582708333333333,-6.648958333333334,229.5464375
SE-Hmr,2020-07-10,11.985479166666666,14.872708333333334,-5.584375,462.22229166666665
SE-Hmr,2020-07-11,11.814375,15.433020833333334,-6.760416666666667,484.1747916666667
SE-Hmr,2020-07-12,11.458729166666666,15.446041666666666,-7.219791666666667,411.4943125
SE-Hmr,2020-07-13,10.101083333333333,15.236354166666667,-6.683333333333334,375.513375
SE-Hmr,2020-07-14,12.314979166666667,15.537604166666666,-6.548958333333333,431.48597916666665
SE-Hmr,2020-07-15,11.561125,15.040208333333334,-7.404166666666667,266.5385
SE-Hmr,2020-07-16,15.225416666666666,15.4975,-8.204166666666667,539.013625
SE-Hmr,2020-07-17,17.306874999999998,16.8334375,-9.15625,622.758
SE-Hmr,2020-07-18,17.733125,17.375416666666666,-10.005208333333334,339.0060833333333
SE-Hmr,2020-07-19,17.508958333333332,17.226041666666667,-10.783333333333333,413.25220833333333
SE-Hmr,2020-07-20,16.823958333333334,17.156875,-11.492708333333333,360.65985416666666
SE-Hmr,2020-07-21,13.019791666666666,16.571979166666665,-11.646875,175.8605
SE-Hmr,2020-07-22,10.448875,14.6303125,-12.047916666666667,196.0518125
SE-Hmr,2020-07-23,9.8050625,13.513541666666667,-8.652083333333334,133.26827083333333
SE-Hmr,2020-07-24,10.629375,13.6078125,-5.552083333333333,216.5996875
SE-Hmr,2020-07-25,11.531458333333333,13.973125,-5.030208333333333,234.02458333333334
SE-Hmr,2020-07-26,14.142791666666666,14.975104166666666,-5.816666666666666,583.9681041666666
SE-Hmr,2020-07-27,14.17125,15.3696875,-6.780208333333333,203.48602083333333
SE-Hmr,2020-07-28,15.610833333333334,16.056770833333335,-6.777083333333334,343.3247083333333
SE-Hmr,2020-07-29,14.94,16.369166666666665,-5.834375,167.01327083333334
SE-Hmr,2020-07-30,13.813333333333333,15.520104166666666,-3.0708333333333333,151.53145833333335
SE-Hmr,2020-07-31,16.672083333333333,17.006145833333335,-4.5125,530.0351666666667
SE-Hmr,2020-08-01,17.064375,17.875625,-5.3875,496.009375
SE-Hmr,2020-08-02,14.957708333333333,17.667291666666667,-5.997916666666667,283.17147916666664
SE-Hmr,2020-08-03,13.472916666666666,16.728854166666668,-6.455208333333333,315.29716666666667
SE-Hmr,2020-08-04,13.782916666666667,16.664583333333333,-6.96875,310.0874375
SE-Hmr,2020-08-05,13.740729166666666,16.0765625,-7.74375,481.449
SE-Hmr,2020-08-06,15.168958333333332,16.380208333333332,-8.458333333333334,280.90158333333335
SE-Hmr,2020-08-07,19.347083333333334,17.088854166666668,-9.153125,432.79954166666664
SE-Hmr,2020-08-08,20.10625,17.888958333333335,-9.902083333333334,487.1990416666667
SE-Hmr,2020-08-09,15.093541666666667,17.451875,-10.853125,524.3285833333333
SE-Hmr,2020-08-10,13.017020833333333,16.267604166666665,-11.755208333333334,515.8847083333334
SE-Hmr,2020-08-11,13.602708333333334,16.035625,-12.526041666666666,494.31525
SE-Hmr,2020-08-12,13.755625,15.828541666666666,-13.086458333333333,302.2643125
SE-Hmr,2020-08-13,14.793333333333333,16.1515625,-13.296875,213.78960416666666
SE-Hmr,2020-08-14,15.951666666666666,16.2915625,-13.542708333333334,318.92379166666666
SE-Hmr,2020-08-15,15.30625,15.827291666666667,-14.151041666666666,374.73883333333333
SE-Hmr,2020-08-16,13.346041666666666,15.35875,-14.935416666666667,499.5040833333333
SE-Hmr,2020-08-17,11.541645833333334,14.616979166666667,-15.71875,498.4732916666667
SE-Hmr,2020-08-18,13.046395833333333,14.485208333333333,-16.216666666666665,490.78014583333334
SE-Hmr,2020-08-19,17.53708333333333,15.903125,-16.626041666666666,354.0619791666667
SE-Hmr,2020-08-20,17.28708333333333,16.460416666666667,-17.088541666666668,379.88241666666664
SE-Hmr,2020-08-21,16.967083333333335,16.4146875,-17.695833333333333,398.08372916666667
SE-Hmr,2020-08-22,17.34,16.513333333333332,-17.821875,249.83716666666666
SE-Hmr,2020-08-23,13.842291666666666,15.9428125,-16.185416666666665,234.96947916666667
SE-Hmr,2020-08-24,9.615708333333334,14.5596875,-16.001041666666666,423.96304166666664
SE-Hmr,2020-08-25,9.063666666666666,13.342916666666667,-17.302083333333332,393.989
SE-Hmr,2020-08-26,9.352291666666666,13.064791666666666,-17.989583333333332,300.58422916666666
SE-Hmr,2020-08-27,8.560770833333333,12.457916666666666,-18.771875,400.7623541666667
SE-Hmr,2020-08-28,9.459,12.301770833333332,-19.316666666666666,276.3426666666667
SE-Hmr,2020-08-29,10.612833333333333,12.555833333333334,-19.734375,343.7128125
SE-Hmr,2020-08-30,9.650354166666666,12.0059375,-19.809375,273.22172916666665
SE-Hmr,2020-08-31,10.587916666666667,12.607395833333333,-19.779166666666665,312.4151875
SE-Hmr,2020-09-01,9.099020833333332,11.5871875,-20.669791666666665,403.8606041666667
SE-Hmr,2020-09-02,11.376770833333333,11.6046875,-21.107291666666665,297.4549583333333
SE-Hmr,2020-09-03,11.28875,12.153854166666667,-20.927083333333332,137.67945833333334
SE-Hmr,2020-09-04,13.3475,12.94,-15.7828125,136.14004166666666
SE-Hmr,2020-09-05,12.204729166666667,13.087291666666667,-11.153125000000001,219.74293749999998
SE-Hmr,2020-09-06,9.958958333333333,12.018020833333333,-11.473958333333334,321.95770833333336
SE-Hmr,2020-09-07,10.5618125,12.153958333333334,-12.472916666666666,298.7722708333333
SE-Hmr,2020-09-08,10.719583333333333,11.988333333333333,-12.194791666666667,205.18770833333332
SE-Hmr,2020-09-09,10.251312500000001,11.3821875,-12.853125,302.7907916666667
SE-Hmr,2020-09-10,8.497791666666666,10.9828125,-13.551041666666666,318.50920833333333
SE-Hmr,2020-09-11,7.81475,10.308333333333334,-14.261458333333334,321.219875
SE-Hmr,2020-09-12,9.776020833333334,10.82625,-12.590625,225.395375
SE-Hmr,2020-09-13,8.683479166666666,10.6003125,-13.259375,272.6538125
SE-Hmr,2020-09-14,8.284854166666667,9.715729166666666,-14.367708333333333,312.65625
SE-Hmr,2020-09-15,8.260541666666667,9.361875,-15.088541666666666,302.4598125
SE-Hmr,2020-09-16,5.8045625,9.103541666666667,-6.963541666666669,35.9904375
SE-Hmr,2020-09-17,6.548354166666667,8.340291666666667,-4.022916666666666,248.16522916666668
SE-Hmr,2020-09-18,9.492770833333333,8.553927083333333,-5.1125,236.85727083333333
SE-Hmr,2020-09-19,8.456354166666667,8.446125,-6.162500000000003,248.32058333333333
SE-Hmr,2020-09-20,7.393625,7.9117291666666665,-6.8052083333333435,128.084125
SE-Hmr,2020-09-21,9.0661875,7.8351875,-6.768750000000009,48.2649375
SE-Hmr,2020-09-22,6.9344166666666665,7.8183125,-7.17500000000001,200.3478125
SE-Hmr,2020-09-23,9.473958333333334,8.308239583333334,-6.568750000000007,148.3074375
SE-Hmr,2020-09-24,7.340916666666667,8.7315625,-5.860416666666668,30.129145833333332
SE-Hmr,2020-09-25,8.771729166666667,8.9815625,-5.642708333333333,228.2910625
SE-Hmr,2020-09-26,5.3535208333333335,7.963979166666666,-4.9802083333333345,50.10720833333333
SE-Hmr,2020-09-27,5.239833333333333,7.469822916666667,-2.298958333333333,42.82991666666667
SE-Hmr,2020-09-28,8.192770833333334,8.282947916666666,-3.5354166666666664,85.69758333333334
SE-Hmr,2020-09-29,9.445833333333333,9.5309375,-3.9916666666666667,117.7085625
SE-Hmr,2020-09-30,9.914791666666666,10.031041666666667,-4.180208333333334,33.527520833333334
SE-Hmr,2020-10-01,8.522604166666667,10.006458333333333,-4.55625,54.37083333333334
SE-Hmr,2020-10-02,7.9206875,9.586875,-5.029166666666667,85.24804166666667
SE-Hmr,2020-10-03,8.7965625,9.537916666666666,-5.44375,153.6764375
SE-Hmr,2020-10-04,8.970791666666667,9.3465625,-5.745833333333334,33.75333333333333
SE-Hmr,2020-10-05,8.945833333333333,9.065729166666667,-5.312500000000002,16.312625
SE-Hmr,2020-10-06,9.63,9.440104166666666,-3.4770833333333337,22.018020833333335
SE-Hmr,2020-10-07,9.92875,9.800104166666667,0.0656249999999986,18.877708333333334
SE-Hmr,2020-10-08,9.569166666666666,9.901770833333334,-0.2572916666666683,27.180354166666667
SE-Hmr,2020-10-09,8.5784375,9.715729166666666,0.04374999999999917,35.52175
SE-Hmr,2020-10-10,8.044291666666666,9.206979166666667,1.078124999999999,104.54360416666667
SE-Hmr,2020-10-11,6.343166666666667,8.401510416666667,0.4312499999999985,22.553604166666666
SE-Hmr,2020-10-12,5.044666666666667,7.711927083333333,-0.4500000000000015,61.131375
SE-Hmr,2020-10-13,3.726541666666667,6.952270833333333,-1.271875,59.970666666666666
SE-Hmr,2020-10-14,2.897666666666667,5.411677083333333,-1.85625,136.3648125
SE-Hmr,2020-10-15,4.067458333333334,4.521260416666666,-2.173958333333333,62.054458333333336
SE-Hmr,2020-10-16,3.2257708333333333,4.232083333333334,-2.4833333333333334,124.41
SE-Hmr,2020-10-17,3.3886458333333334,3.8839270833333335,-2.8541666666666665,54.7081875
SE-Hmr,2020-10-18,-1.9800416666666667,2.7834791666666665,-3.115625,33.1815
SE-Hmr,2020-10-19,-1.8851458333333333,2.3375416666666666,-3.189583333333333,48.284333333333336
SE-Hmr,2020-10-20,-4.1270625,2.2878333333333334,-3.470833333333333,101.82091666666666
SE-Hmr,2020-10-21,-0.6027708333333334,2.2101354166666667,-3.559375,34.4335625
SE-Hmr,2020-10-22,-1.2794166666666666,1.9875625,-2.841666666666667,27.251458333333332
SE-Hmr,2020-10-23,-2.6883125,1.8505416666666668,-2.6625,113.11910416666667
SE-Hmr,2020-10-24,-3.52325,1.76875,-3.2822916666666666,96.23154166666667
SE-Hmr,2020-10-25,-1.2703333333333333,1.59378125,-3.0187500000000003,24.184520833333334
SE-Hmr,2020-10-26,5.1685,1.46625,1.1624999999999996,25.89495833333333
SE-Hmr,2020-10-27,4.456145833333333,3.0342604166666667,1.4864583333333328,28.136520833333336
SE-Hmr,2020-10-28,5.474208333333333,4.385854166666666,0.8197916666666653,18.334833333333332
SE-Hmr,2020-10-29,5.0554375,4.846979166666666,-0.007291666666668627,25.443541666666665
SE-Hmr,2020-10-30,-0.5272083333333333,2.794697916666667,-1.071875000000001,46.29633333333333
SE-Hmr,2020-10-31,1.6528125,1.88025,-1.9947916666666667,13.319416666666667
SE-Hmr,2020-11-01,5.706770833333334,3.7362291666666665,-2.044791666666667,7.772729166666667
SE-Hmr,2020-11-02,7.978666666666666,5.8079479166666665,1.102083333333333,3.540020833333333
SE-Hmr,2020-11-03,3.838041666666667,4.128010416666667,0.4104166666666671,43.3806875
SE-Hmr,2020-11-04,2.1170625,1.7547395833333332,-0.8364583333333336,59.92125
SE-Hmr,2020-11-05,4.407791666666666,1.8572708333333332,-1.253125,46.5785625
SE-Hmr,2020-11-06,7.0341458333333335,2.1651875,-2.1,36.7144375
SE-Hmr,2020-11-07,6.086270833333333,3.586375,-2.7447916666666665,58.91475
SE-Hmr,2020-11-08,0.08927083333333333,1.6959375,-3.2729166666666667,49.75933333333333
SE-Hmr,2020-11-09,1.5380416666666668,1.0745520833333333,-3.7260416666666667,40.58304166666667
SE-Hmr,2020-11-10,-1.6695625,0.945625,-4.241666666666666,28.504791666666666
SE-Hmr,2020-11-11,0.7546666666666667,0.8966145833333333,-4.279166666666667,19.902479166666666
SE-Hmr,2020-11-12,0.737625,0.8663958333333334,-4.008333333333333,14.762041666666667
SE-Hmr,2020-11-13,2.342375,0.8389375,-3.7375,10.146229166666666
SE-Hmr,2020-11-14,4.4864375,0.9761354166666667,-2.9302083333333333,5.178145833333334
SE-Hmr,2020-11-15,4.8426875,2.3698645833333334,-3.173958333333333,6.2156666666666665
SE-Hmr,2020-11-16,5.131479166666667,3.8854895833333334,-2.529166666666667,3.577770833333333
SE-Hmr,2020-11-17,5.654791666666666,4.806885416666667,-2.378125,5.514083333333334
SE-Hmr,2020-11-18,2.116833333333333,3.354416666666667,-2.6104166666666666,15.2990625
SE-Hmr,2020-11-19,-2.9311458333333333,1.5440833333333333,-2.220833333333333,7.1078125
SE-Hmr,2020-11-20,-3.3043125,1.1411666666666667,-2.696875,19.664
SE-Hmr,2020-11-21,-2.0114791666666667,1.0870520833333333,-3.205208333333333,3.579875
SE-Hmr,2020-11-22,0.6663958333333333,1.0714895833333333,-3.3020833333333335,14.543854166666666
SE-Hmr,2020-11-23,0.48689583333333336,1.09928125,-3.6635416666666667,15.675354166666667
SE-Hmr,2020-11-24,-4.083770833333333,1.01290625,-4.073958333333334,21.173000000000002
SE-Hmr,2020-11-25,0.8600833333333333,0.9461145833333333,-3.497916666666667,3.9686041666666667
SE-Hmr,2020-11-26,-1.1472708333333332,0.8396875,-2.834375,18.254979166666665
SE-Hmr,2020-11-27,-6.350458333333333,0.81996875,-3.434375,18.273416666666666
SE-Hmr,2020-11-28,-4.577270833333333,0.7773645833333334,-3.3052083333333333,8.978270833333333
SE-Hmr,2020-11-29,-5.899729166666667,0.7377708333333334,-2.996875,7.950208333333333
SE-Hmr,2020-11-30,-2.2446041666666665,0.7255833333333334,-3.169791666666667,4.005020833333333
SE-Hmr,2020-12-01,-4.044833333333333,0.7153229166666667,NA,4.112875
SE-Hmr,2020-12-02,-3.1691458333333333,0.70421875,NA,3.4253125
SE-Hmr,2020-12-03,0.33599999999999997,0.7074479166666666,NA,2.2763541666666667
SE-Hmr,2020-12-04,-0.9339791666666667,0.70284375,NA,3.7190416666666666
SE-Hmr,2020-12-05,0.433625,0.71828125,NA,1.6159375
SE-Hmr,2020-12-06,3.1161875,0.6820208333333333,NA,1.2872916666666667
SE-Hmr,2020-12-07,2.3080625,0.67940625,NA,2.3221666666666665
SE-Hmr,2020-12-08,0.04577083333333334,0.6704479166666667,NA,1.9487291666666666
SE-Hmr,2020-12-09,-0.07775,0.6320520833333333,NA,2.3311875
SE-Hmr,2020-12-10,0.278375,0.63675,NA,2.1656041666666668
SE-Hmr,2020-12-11,-2.1624583333333334,0.6230104166666667,NA,3.0498958333333333
SE-Hmr,2020-12-12,-4.480020833333334,0.6211145833333334,NA,1.79475
SE-Hmr,2020-12-13,-1.9339583333333334,0.62309375,NA,0.8603958333333334
SE-Hmr,2020-12-14,-1.7247291666666666,0.6334895833333333,NA,1.06575
SE-Hmr,2020-12-15,-0.9149166666666667,0.65840625,NA,1.4955416666666665
SE-Hmr,2020-12-16,-3.0774375,0.6570729166666667,NA,2.050666666666667
SE-Hmr,2020-12-17,-3.539458333333333,0.6666770833333333,NA,1.0927708333333332
SE-Hmr,2020-12-18,-2.2358541666666665,0.6782083333333333,NA,1.3335
SE-Hmr,2020-12-19,-0.08945833333333333,0.7028645833333333,NA,0.811125
SE-Hmr,2020-12-20,1.4495416666666667,0.69578125,NA,2.2774583333333336
SE-Hmr,2020-12-21,2.1901875,0.6764583333333334,NA,2.9617708333333335
SE-Hmr,2020-12-22,-0.5487916666666667,0.6596666666666666,NA,5.003729166666667
SE-Hmr,2020-12-23,-0.3454583333333333,0.66434375,NA,1.4729166666666667
SE-Hmr,2020-12-24,-2.2074375,0.6530416666666666,NA,2.5099375
SE-Hmr,2020-12-25,-5.9236875,0.6497083333333333,NA,1.9938333333333333
SE-Hmr,2020-12-26,-6.40675,0.6383645833333333,NA,1.5034791666666667
SE-Hmr,2020-12-27,-0.7968333333333334,0.6474791666666666,NA,1.6194375
SE-Hmr,2020-12-28,-1.0982708333333333,0.6350625,NA,0.9602083333333333
SE-Hmr,2020-12-29,-1.6136875,0.6171979166666667,NA,2.6806666666666668
SE-Hmr,2020-12-30,-2.725416666666667,0.6162916666666667,NA,3.4381458333333335
SE-Hmr,2020-12-31,-5.121166666666666,0.62715625,NA,4.3674583333333334
SE-Hmr,2021-01-01,-3.885666666666667,0.6385625,NA,2.9312291666666668
SE-Hmr,2021-01-02,-7.536583333333334,0.6408854166666667,NA,3.363770833333333
SE-Hmr,2021-01-03,-9.253020833333334,0.6406354166666667,NA,7.8664375
SE-Hmr,2021-01-04,-10.189791666666666,0.6389479166666666,NA,9.487375
SE-Hmr,2021-01-05,-13.856041666666666,0.6317708333333333,NA,9.7116875
SE-Hmr,2021-01-06,-8.272291666666666,0.6312916666666666,NA,2.4579791666666666
SE-Hmr,2021-01-07,-8.390166666666667,0.6289270833333334,NA,1.9105625
SE-Hmr,2021-01-08,-8.237416666666666,0.6285416666666667,NA,1.9822916666666666
SE-Hmr,2021-01-09,-5.095875,0.6310104166666667,NA,1.88225
SE-Hmr,2021-01-10,-5.410583333333333,0.63371875,NA,1.9495
SE-Hmr,2021-01-11,-7.942,0.6350208333333334,NA,3.7512708333333333
SE-Hmr,2021-01-12,-5.416979166666667,0.6394895833333333,NA,2.1171875
SE-Hmr,2021-01-13,-14.4444375,0.629375,NA,6.584479166666666
SE-Hmr,2021-01-14,-18.907708333333332,0.6310833333333333,NA,12.028520833333333
SE-Hmr,2021-01-15,-10.521270833333332,0.6358958333333333,NA,15.867229166666666
SE-Hmr,2021-01-16,-8.521020833333333,0.6391875,NA,29.202333333333332
SE-Hmr,2021-01-17,-12.847708333333333,0.62396875,NA,30.6735
SE-Hmr,2021-01-18,-20.473541666666666,0.6066354166666666,NA,40.197833333333335
SE-Hmr,2021-01-19,-19.176041666666666,0.605625,NA,12.315229166666667
SE-Hmr,2021-01-20,-10.237916666666667,0.6070208333333333,NA,8.102604166666666
SE-Hmr,2021-01-21,-6.7726041666666665,0.60846875,NA,5.8844375
SE-Hmr,2021-01-22,-4.606166666666667,0.6046979166666667,NA,4.492520833333334
SE-Hmr,2021-01-23,-7.296104166666667,0.6081666666666666,NA,12.0034375
SE-Hmr,2021-01-24,-11.665625,0.6089166666666667,NA,8.989833333333333
SE-Hmr,2021-01-25,-10.335833333333333,0.60228125,NA,14.435958333333334
SE-Hmr,2021-01-26,-11.681041666666667,0.5964583333333333,NA,15.9755625
SE-Hmr,2021-01-27,-11.90125,0.592,NA,10.838895833333334
SE-Hmr,2021-01-28,-11.283333333333333,0.59034375,NA,17.879833333333334
SE-Hmr,2021-01-29,-19.00604166666667,0.5930520833333334,NA,40.105958333333334
SE-Hmr,2021-01-30,-16.528333333333332,0.5880208333333333,NA,11.725208333333333
SE-Hmr,2021-01-31,-12.51375,0.5877916666666667,NA,22.4219375
SE-Hmr,2021-02-01,-12.793958333333334,0.5856354166666666,NA,35.56585416666667
SE-Hmr,2021-02-02,-17.8925,0.5839583333333334,NA,48.1799375
SE-Hmr,2021-02-03,-13.022083333333333,0.5858333333333333,NA,47.409395833333335
SE-Hmr,2021-02-04,-10.649270833333333,0.5910416666666667,NA,29.352104166666667
SE-Hmr,2021-02-05,-8.605208333333334,0.595625,NA,21.605666666666668
SE-Hmr,2021-02-06,-9.179354166666666,0.5983958333333333,NA,22.1865625
SE-Hmr,2021-02-07,-8.996604166666666,0.6005,NA,30.3858125
SE-Hmr,2021-02-08,-8.921083333333334,0.6014479166666666,NA,24.320375
SE-Hmr,2021-02-09,-10.836458333333333,0.6016041666666667,NA,19.416208333333334
SE-Hmr,2021-02-10,-14.591041666666667,0.6007916666666667,NA,82.01577083333333
SE-Hmr,2021-02-11,-12.774458333333333,0.601875,NA,80.54322916666666
SE-Hmr,2021-02-12,-5.1805,0.60434375,NA,46.14304166666667
SE-Hmr,2021-02-13,-4.8957291666666665,0.605875,NA,101.81275
SE-Hmr,2021-02-14,-9.4279166666666665,0.6063854166666667,NA,166.08997916666667
SE-Hmr,2021-02-15,-8.902604166666666,0.6070625000000001,NA,178.47008333333335
SE-Hmr,2021-02-16,-12.101041666666667,0.606875,NA,163.97314583333335
SE-Hmr,2021-02-17,-17.202916666666667,0.606375,NA,171.03070833333334
SE-Hmr,2021-02-18,-9.530270833333333,0.6071354166666667,NA,26.101375
SE-Hmr,2021-02-19,-7.194604166666666,0.6070833333333333,NA,20.076416666666667
SE-Hmr,2021-02-20,-4.5720625,0.6073541666666666,NA,14.544770833333333
SE-Hmr,2021-02-21,-11.432708333333334,0.6069583333333334,NA,10.814604166666665
SE-Hmr,2021-02-22,-12.302291666666667,0.6060625000000001,NA,25.602291666666666
SE-Hmr,2021-02-23,-5.180125,0.60903125,NA,22.58866666666667
SE-Hmr,2021-02-24,-0.7896041666666667,0.6149166666666667,NA,18.30485416666667
SE-Hmr,2021-02-25,3.0435625,0.6186354166666667,NA,130.83035416666667
SE-Hmr,2021-02-26,2.3253333333333335,0.6215416666666667,NA,139.70952083333333
SE-Hmr,2021-02-27,0.5481041666666666,0.6221666666666666,NA,69.77820833333334
SE-Hmr,2021-02-28,4.5578125,0.6241145833333334,NA,110.31347916666667
SE-Hmr,2021-03-01,3.5392083333333333,0.6277291666666667,NA,138.32020833333334
SE-Hmr,2021-03-02,1.4608333333333332,0.625875,NA,162.5935
SE-Hmr,2021-03-03,-0.35614583333333333,0.617125,NA,141.35397916666668
SE-Hmr,2021-03-04,-4.444354166666667,0.60103125,NA,168.05327083333333
SE-Hmr,2021-03-05,-6.8034791666666665,0.5967604166666667,NA,181.184
SE-Hmr,2021-03-06,-3.2415416666666665,0.59684375,NA,105.81933333333333
SE-Hmr,2021-03-07,-5.1689375,0.5939375,NA,101.7229375
SE-Hmr,2021-03-08,-7.151729166666667,0.5961666666666666,NA,125.40991666666667
SE-Hmr,2021-03-09,-9.133041666666667,0.5927083333333333,NA,134.61341666666667
SE-Hmr,2021-03-10,-12.862229166666667,0.5941145833333333,NA,198.2150625
SE-Hmr,2021-03-11,-6.3135625,0.5982083333333333,NA,33.97835416666667
SE-Hmr,2021-03-12,-4.531270833333333,0.5929895833333333,NA,93.50360416666666
SE-Hmr,2021-03-13,-3.3617291666666667,0.5891458333333334,NA,71.83460416666667
SE-Hmr,2021-03-14,-2.427604166666667,0.5917291666666666,NA,112.17483333333334
SE-Hmr,2021-03-15,-0.8467916666666667,0.59309375,NA,128.04566666666668
SE-Hmr,2021-03-16,-3.083645833333333,0.5930208333333333,NA,243.04908333333333
SE-Hmr,2021-03-17,-3.0675833333333333,0.59265625,NA,222.81502083333334
SE-Hmr,2021-03-18,-6.190416666666667,0.5910416666666667,NA,246.94952083333334
SE-Hmr,2021-03-19,-7.5769166666666665,0.58996875,NA,205.346875
SE-Hmr,2021-03-20,2.274625,0.5914375,NA,82.22314583333333
SE-Hmr,2021-03-21,-1.2985416666666667,0.5893645833333333,NA,279.1494166666667
SE-Hmr,2021-03-22,-1.1959375,0.5895416666666666,NA,183.10822916666666
SE-Hmr,2021-03-23,5.126416666666667,0.6027395833333333,NA,203.487125
SE-Hmr,2021-03-24,4.409083333333333,0.6464791666666666,NA,220.79425
SE-Hmr,2021-03-25,2.7019166221612783,0.6516722361441795,NA,285.6321994901758
SE-Hmr,2021-03-26,1.6055833333333334,0.65959375,NA,310.65
SE-Hmr,2021-03-27,1.5829583333333332,0.6591354166666666,NA,169.92222916666665
SE-Hmr,2021-03-28,1.0805833333333335,0.6443020833333333,NA,67.64516666666667
SE-Hmr,2021-03-29,0.9612916666666667,0.6330833333333333,NA,88.793125
SE-Hmr,2021-03-30,3.754729166666667,0.6262291666666666,NA,271.91204166666665
SE-Hmr,2021-03-31,3.054520833333333,0.6216458333333333,NA,325.25047916666665
SE-Hmr,2021-04-01,1.94925,0.6181041666666667,NA,264.8101458333333
SE-Hmr,2021-04-02,1.3970416666666667,0.608,NA,264.5779166666667
SE-Hmr,2021-04-03,0.8192916666666666,0.5907291666666666,NA,229.11027083333332
SE-Hmr,2021-04-04,3.6384583333333333,0.5745729166666667,NA,152.21610416666667
SE-Hmr,2021-04-05,0.08445833333333336,0.5630833333333334,NA,322.24179166666664
SE-Hmr,2021-04-06,-0.24510416666666662,0.5673854166666666,NA,308.97541666666666
SE-Hmr,2021-04-07,0.49735416666666665,0.57125,NA,367.9613958333333
SE-Hmr,2021-04-08,-2.0570416666666667,0.5705312499999999,NA,396.12920833333334
SE-Hmr,2021-04-09,-1.3014791666666667,0.57825,NA,119.81531249999999
SE-Hmr,2021-04-10,-2.0134583333333333,0.58290625,NA,383.86802083333333
SE-Hmr,2021-04-11,0.5023333333333334,0.5828229166666666,NA,418.5785833333333
SE-Hmr,2021-04-12,-1.4104375,0.5701354166666667,NA,99.94489583333333
SE-Hmr,2021-04-13,-1.2921666666666667,0.5615,NA,155.496375
SE-Hmr,2021-04-14,-0.4630208333333333,0.5626875,NA,382.14
SE-Hmr,2021-04-15,2.7959791666666667,0.5619166666666666,NA,433.69047916666665
SE-Hmr,2021-04-16,4.0997916666666665,0.5596458333333334,NA,455.5049583333333
SE-Hmr,2021-04-17,5.5546875,0.5641979166666666,NA,459.8322708333333
SE-Hmr,2021-04-18,6.779791666666667,0.5766458333333333,NA,464.6431666666667
SE-Hmr,2021-04-19,6.48175,0.5752708333333333,NA,426.4919791666667
SE-Hmr,2021-04-20,5.7759375,0.549,NA,468.93322916666665
SE-Hmr,2021-04-21,3.644458333333333,0.54959375,NA,324.29002083333336
SE-Hmr,2021-04-22,1.3667291666666668,0.5508854166666667,NA,397.84060416666665
SE-Hmr,2021-04-23,-0.32164583333333335,0.5284375,NA,164.35908333333333
SE-Hmr,2021-04-24,-0.7725625,0.5416666666666666,NA,272.02922916666665
SE-Hmr,2021-04-25,-0.4359166666666667,0.54434375,NA,285.00891666666666
SE-Hmr,2021-04-26,0.86375,0.5501145833333334,NA,501.3450208333333
SE-Hmr,2021-04-27,0.50825,0.5652291666666667,NA,365.5692916666667
SE-Hmr,2021-04-28,-0.5344375,0.5853229166666667,NA,397.10235416666666
SE-Hmr,2021-04-29,1.0209791666666665,0.574375,NA,441.8312291666667
SE-Hmr,2021-04-30,1.0924166666666666,0.5682708333333333,NA,436.47625
SE-Hmr,2021-05-01,-0.051916666666666667,0.5628125,4.104166666666667,438.81635416666666
SE-Hmr,2021-05-02,1.0357291666666666,0.5679375,4.070833333333333,486.22627083333333
SE-Hmr,2021-05-03,1.6189375,0.56803125,4.733333333333333,415.50727083333334
SE-Hmr,2021-05-04,2.2763125,0.5668645833333333,4.783333333333333,409.16560416666664
SE-Hmr,2021-05-05,1.0750416666666667,0.5704583333333333,4.547916666666667,469.7822708333333
SE-Hmr,2021-05-06,-0.2849375,0.5525,3.823958333333333,307.382125
SE-Hmr,2021-05-07,0.5950416666666667,0.5508854166666667,3.2864583333333335,431.03052083333336
SE-Hmr,2021-05-08,2.5504166666666666,0.5529270833333334,3.746875,504.47935416666667
SE-Hmr,2021-05-09,4.0945,0.5595,4.311458333333333,541.1014375
SE-Hmr,2021-05-10,3.7229375,0.5804270833333334,5.192708333333333,131.17235416666668
SE-Hmr,2021-05-11,8.075541666666666,0.5773958333333333,5.76875,290.9275416666667
SE-Hmr,2021-05-12,11.7721875,0.9498020833333334,5.019791666666666,490.9337708333333
SE-Hmr,2021-05-13,15.350729166666667,5.034614583333333,3.45,591.0039791666667
SE-Hmr,2021-05-14,8.0076875,7.91709375,2.7770833333333336,232.32166666666666
SE-Hmr,2021-05-15,6.6781875,7.519645833333334,2.3645833333333335,243.61329166666667
SE-Hmr,2021-05-16,8.588875,9.17640625,1.953125,299.56595833333336
SE-Hmr,2021-05-17,7.814291666666667,9.978958333333333,1.8375,247.73152083333332
SE-Hmr,2021-05-18,8.584416666666666,10.3628125,1.86875,339.71616666666665
SE-Hmr,2021-05-19,9.658895833333334,10.309895833333334,1.1114583333333339,308.37154166666664
SE-Hmr,2021-05-20,11.122645833333333,10.984375,0.5187500000000019,615.0276875
SE-Hmr,2021-05-21,5.937875,10.610416666666667,0.4343750000000015,250.848
SE-Hmr,2021-05-22,1.3446875,7.53053125,1.346875,191.82283333333334
SE-Hmr,2021-05-23,1.3833125,6.39521875,1.6395833333333334,199.66885416666668
SE-Hmr,2021-05-24,5.6009375,7.61196875,1.009375000000001,373.115
SE-Hmr,2021-05-25,9.093791666666666,10.543958333333334,0.05208333333333585,616.6409166666666
SE-Hmr,2021-05-26,8.0668125,11.328125,-0.8416666666666641,634.6876041666667
SE-Hmr,2021-05-27,7.235041666666667,10.693125,-1.7,654.1815833333334
SE-Hmr,2021-05-28,9.429833333333333,10.967083333333333,-2.361458333333333,667.9644166666667
SE-Hmr,2021-05-29,8.4426875,11.34625,-2.980208333333333,624.8107291666666
SE-Hmr,2021-05-30,14.085520833333334,12.0978125,-3.644791666666667,661.7377083333333
SE-Hmr,2021-05-31,13.057083333333333,13.260833333333334,-4.519791666666666,635.6719583333334
SE-Hmr,2021-06-01,14.084416666666666,13.262291666666666,-5.169791666666667,557.2729375
SE-Hmr,2021-06-02,16.479583333333334,13.8715625,-5.96875,675.8627291666667
SE-Hmr,2021-06-03,17.419166666666666,14.299479166666666,-6.99583333333334,677.2735625
SE-Hmr,2021-06-04,18.217708333333334,14.724166666666667,-8.08541666666668,660.2475208333333
SE-Hmr,2021-06-05,17.856875,14.764166666666666,-8.926041666666679,469.61002083333335
SE-Hmr,2021-06-06,17.3275,15.2640625,-9.332291666666679,566.2167708333334
SE-Hmr,2021-06-07,14.786041666666668,15.016041666666666,-8.95104166666668,314.51216666666664
SE-Hmr,2021-06-08,15.850624999999999,15.074479166666666,-9.907291666666673,601.1797708333334
SE-Hmr,2021-06-09,16.243541666666665,15.495729166666667,-9.445671730868149,482.52520833333335
SE-Hmr,2021-06-10,17.428541666666668,15.413958333333333,-9.568750000000005,652.2125416666667
SE-Hmr,2021-06-11,17.216875,15.858854166666667,-10.427083333333336,638.3736041666667
SE-Hmr,2021-06-12,12.696666666666667,15.191770833333333,-7.746875000000005,197.95422916666666
SE-Hmr,2021-06-13,11.220375,14.104375,-7.490625000000004,573.5145416666667
SE-Hmr,2021-06-14,11.540354166666667,13.744791666666666,-7.95729166666667,306.9223125
SE-Hmr,2021-06-15,11.031854166666667,13.889270833333333,-3.990625,482.7049583333333
SE-Hmr,2021-06-16,8.489583333333334,12.763854166666667,-5.2078125,440.07666666666665
SE-Hmr,2021-06-17,13.349083333333333,13.916875,-5.770114751800186,567.4836458333333
SE-Hmr,2021-06-18,12.9,14.4584375,-5.85546591198029,170.02347916666668
SE-Hmr,2021-06-19,10.490291666666666,13.753229166666667,-5.914728934797743,295.3370208333333
SE-Hmr,2021-06-20,10.432395833333333,13.3034375,-3.9542574750349977,194.08608333333333
SE-Hmr,2021-06-21,13.596041666666666,13.902083333333334,-2.847482878766557,194.68916666666667
SE-Hmr,2021-06-22,13.329583333333334,14.851875,-2.607291666666667,198.21233333333333
SE-Hmr,2021-06-23,14.249583333333334,15.093333333333334,-3.28125,401.27791666666667
SE-Hmr,2021-06-24,17.513958333333335,17.118541666666665,-4.265625,574.6405
SE-Hmr,2021-06-25,17.545416666666668,18.74822916666667,-5.167708333333334,603.0346666666667
SE-Hmr,2021-06-26,15.131875,18.406145833333333,-6.069791666666668,494.90760416666666
SE-Hmr,2021-06-27,13.91875,17.50177083333333,-6.82187500000001,430.7716458333333
SE-Hmr,2021-06-28,14.917395833333334,17.028020833333333,-7.642708333333343,693.9713958333333
SE-Hmr,2021-06-29,14.334166666666667,17.243541666666665,-8.58125000000001,514.4888958333333
SE-Hmr,2021-06-30,13.767520833333334,16.8440625,-9.185416666666676,454.14441666666664
SE-Hmr,2021-07-01,16.5614375,16.8315625,-9.719791666666673,698.0923541666666
SE-Hmr,2021-07-02,21.793541666666666,17.997083333333332,-10.769791666666666,695.1629791666667
SE-Hmr,2021-07-03,24.0125,19.206770833333334,-11.934375,688.4466458333334
SE-Hmr,2021-07-04,22.451458333333335,19.512395833333333,-13.1375,665.916125
SE-Hmr,2021-07-05,21.2925,19.287395833333335,-14.314583333333333,673.9015416666666
SE-Hmr,2021-07-06,20.61875,18.9725,-15.2375,443.6576875
SE-Hmr,2021-07-07,19.186875,19.130729166666665,-15.917708333333334,413.95160416666664
SE-Hmr,2021-07-08,19.967291666666668,19.310104166666665,-16.653125,637.0251041666667
SE-Hmr,2021-07-09,19.855625,19.1484375,-17.739583333333332,630.6556666666667
SE-Hmr,2021-07-10,18.763125,18.637291666666666,-18.458333333333332,376.26891666666666
SE-Hmr,2021-07-11,17.882083333333334,18.30291666666667,-12.838541666666666,289.44864583333333
SE-Hmr,2021-07-12,19.036041666666666,18.649270833333333,-13.980208333333334,648.7906041666666
SE-Hmr,2021-07-13,20.148125,19.189479166666665,-15.607291666666667,654.0944583333334
SE-Hmr,2021-07-14,20.45625,19.491145833333334,-16.17395833333333,491.59108333333336
SE-Hmr,2021-07-15,17.919583333333332,19.243020833333333,-15.658333333333333,319.945625
SE-Hmr,2021-07-16,14.772083333333333,18.009791666666665,-17.21666666666667,615.6814583333334
SE-Hmr,2021-07-17,16.6025,17.65875,-18.036458333333332,424.2156875
SE-Hmr,2021-07-18,12.76125,17.24020833333333,-10.838541666666666,475.5023541666667
SE-Hmr,2021-07-19,12.432708333333332,16.389583333333334,-12.284375,471.32570833333335
SE-Hmr,2021-07-20,12.164166666666667,15.998333333333333,-13.803125,511.6936875
SE-Hmr,2021-07-21,12.021604166666666,15.512604166666666,-15.184375,555.7383333333333
SE-Hmr,2021-07-22,13.239791666666667,15.498854166666666,-16.102083333333333,323.57529166666666
SE-Hmr,2021-07-23,13.062875,15.254583333333333,-17.319791666666667,589.6152708333333
SE-Hmr,2021-07-24,15.195625,15.602395833333333,-18.378125,497.3173958333333
SE-Hmr,2021-07-25,19.61145833333333,16.6240625,-19.171875,542.1413333333334
SE-Hmr,2021-07-26,19.740833333333335,17.2821875,-19.123958333333334,463.212375
SE-Hmr,2021-07-27,20.188541666666666,17.435,-18.821875,574.1324166666667
SE-Hmr,2021-07-28,21.902291666666667,17.776145833333334,-19.929166666666667,544.6611458333333
SE-Hmr,2021-07-29,19.66,17.629583333333333,-20.505208333333332,532.1051041666667
SE-Hmr,2021-07-30,13.948125,16.415520833333332,-11.74270833333332,88.25679166666667
SE-Hmr,2021-07-31,14.680208333333333,16.461979166666666,-3.6135416666666273,289.72270833333334
SE-Hmr,2021-08-01,13.244166666666667,16.771458333333335,-4.863541666666638,394.6926875
SE-Hmr,2021-08-02,10.786979166666667,15.546354166666667,-6.429166666666653,561.924
SE-Hmr,2021-08-03,11.768166666666668,15.268333333333333,-7.669791666666657,543.9759791666667
SE-Hmr,2021-08-04,12.093916666666667,15.011979166666666,-8.748958333333333,541.0235
SE-Hmr,2021-08-05,14.162708333333333,15.12875,-9.77291666666667,495.4031875
SE-Hmr,2021-08-06,15.143541666666668,15.271354166666667,-10.8,544.7483958333333
SE-Hmr,2021-08-07,16.203541666666666,15.305520833333333,-11.777083333333334,510.1795833333333
SE-Hmr,2021-08-08,13.817291666666666,14.922708333333333,-10.938541666666667,87.44164583333334
SE-Hmr,2021-08-09,14.352916666666667,14.877916666666666,-7.243749999999991,74.99016666666667
SE-Hmr,2021-08-10,15.540208333333334,15.474583333333333,-6.187499999999981,313.23597916666665
SE-Hmr,2021-08-11,16.045416666666668,16.52,-4.870833333333303,428.4743125
SE-Hmr,2021-08-12,15.557916666666667,16.487708333333334,-5.89062499999998,519.74175
SE-Hmr,2021-08-13,15.793333333333333,16.55677083333333,-6.77395833333332,429.61266666666666
SE-Hmr,2021-08-14,14.161458333333334,16.3475,-4.762499999999977,148.52214583333333
SE-Hmr,2021-08-15,12.914375,15.994375,-4.821874999999979,294.8010208333333
SE-Hmr,2021-08-16,11.719791666666667,15.696458333333334,-5.252083333333314,124.12779166666667
SE-Hmr,2021-08-17,11.587083333333332,15.110520833333334,-5.636458333333313,338.61977083333335
SE-Hmr,2021-08-18,13.14625,15.271458333333333,-1.9166666666666463,169.64541666666668
SE-Hmr,2021-08-19,11.982916666666666,15.178854166666667,-1.9229166666666466,178.27097916666668
SE-Hmr,2021-08-20,12.58625,14.898333333333333,-2.544791666666647,268.9856041666667
SE-Hmr,2021-08-21,10.48625,14.47125,-3.0302083333333134,249.21520833333332
SE-Hmr,2021-08-22,10.265125,13.8065625,-3.5406249999999755,266.0135833333333
SE-Hmr,2021-08-23,7.4264375000000005,13.003125,-4.092708333333305,300.5235416666667
SE-Hmr,2021-08-24,8.332666666666666,12.0259375,-4.298958333333307,337.9345416666667
SE-Hmr,2021-08-25,8.928166666666666,11.874583333333334,-1.79374999999998,65.25066666666666
SE-Hmr,2021-08-26,8.012708333333334,10.8646875,-2.17499999999998,120.6034375
SE-Hmr,2021-08-27,10.135770833333334,11.656770833333333,-3.019791666666647,363.7311875
SE-Hmr,2021-08-28,10.943708333333333,12.516979166666667,-3.7749999999999733,415.0240416666667
SE-Hmr,2021-08-29,12.1548125,13.1484375,-4.391666666666642,386.1114166666667
SE-Hmr,2021-08-30,12.204291666666666,13.484895833333333,-5.001041666666647,396.91439583333334
SE-Hmr,2021-08-31,11.555229166666667,13.1159375,-5.516666666666652,344.0519791666667
SE-Hmr,2021-09-01,8.652270833333333,11.604583333333334,-5.790625,287.10925
SE-Hmr,2021-09-02,6.8762083333333335,10.551145833333333,-5.538541666666667,134.43614583333334
SE-Hmr,2021-09-03,6.900229166666667,9.916979166666666,-5.297916666666667,335.40233333333333
SE-Hmr,2021-09-04,5.9716458333333335,9.683645833333333,-6.065625000000001,322.34802083333335
SE-Hmr,2021-09-05,7.521895833333334,9.669895833333333,-6.639583333333343,206.00220833333333
SE-Hmr,2021-09-06,10.081125,10.224270833333334,-7.109375000000014,312.61608333333334
SE-Hmr,2021-09-07,11.923125,10.73375,-6.960937500000014,106.74860416666667
SE-Hmr,2021-09-08,13.8930368275687,11.28633941166758,-6.702225875586341,267.64291174882374
SE-Hmr,2021-09-09,8.738449409026774,11.42370027718268,-7.220721108408915,176.5970625
SE-Hmr,2021-09-10,7.568833333333333,10.3340625,-7.3031250000000085,287.364125
SE-Hmr,2021-09-11,8.548145833333333,10.568854166666666,-5.344791666666656,76.35285416666666
SE-Hmr,2021-09-12,9.302708333333333,10.750104166666667,-4.280208333333324,44.6238125
SE-Hmr,2021-09-13,6.853958333333333,9.9653125,-4.16562499999999,291.63927083333334
SE-Hmr,2021-09-14,5.7071250000000004,8.391104166666667,-5.411458333333323,308.6758541666667
SE-Hmr,2021-09-15,3.4499375,7.954166666666667,-6.1364583333333345,176.05452083333333
SE-Hmr,2021-09-16,5.102083333333333,8.1038125,-6.535416666666676,141.2860625
SE-Hmr,2021-09-17,4.6491875,8.323947916666667,-6.582291666666677,123.25158333333333
SE-Hmr,2021-09-18,4.973520833333334,8.150583333333334,-6.682291666666677,65.84772916666667
SE-Hmr,2021-09-19,6.232166666666666,8.114635416666667,-6.855208333333343,142.32958333333332
SE-Hmr,2021-09-20,4.306854166666667,8.20009375,-6.79062500000001,107.51541666666667
SE-Hmr,2021-09-21,4.217291666666667,7.8801875,-6.3958333333333375,70.58210416666667
SE-Hmr,2021-09-22,7.229395833333333,7.884541666666666,-5.0802083333333234,43.88158333333333
SE-Hmr,2021-09-23,7.817291666666667,8.446979166666667,-1.2864583333333264,26.932791666666667
SE-Hmr,2021-09-24,5.800416666666667,7.976447916666666,0.1916666666666715,33.63552083333333
SE-Hmr,2021-09-25,5.553708333333334,7.445625,-0.3864583333333286,109.6804375
SE-Hmr,2021-09-26,7.622270833333333,7.10475,-1.258333333333324,219.46445833333334
SE-Hmr,2021-09-27,8.547645833333334,8.121145833333333,-1.94062499999999,187.39479166666666
SE-Hmr,2021-09-28,7.654916666666667,8.099145833333333,-2.5114583333333234,69.6580625
SE-Hmr,2021-09-29,6.824604166666667,8.248854166666666,-2.98749999999999,44.3026875
SE-Hmr,2021-09-30,6.573145833333333,8.0033125,-3.2989583333333234,40.35339583333333
SE-Hmr,2021-10-01,7.212583333333333,7.733791666666667,-2.7395833333333233,24.521416666666667
SE-Hmr,2021-10-02,9.027041666666667,8.467916666666667,-2.2052083333333234,21.899541666666668
SE-Hmr,2021-10-03,8.089125,8.280520833333334,-2.9666666666666566,18.3125
SE-Hmr,2021-10-04,9.588958333333334,8.856979166666667,-1.6395833333333243,25.376666666666665
SE-Hmr,2021-10-05,9.085416666666667,9.226979166666666,-2.19999999999999,65.2619375
SE-Hmr,2021-10-06,8.455875,9.011875,-0.6666666666666604,10.891333333333334
SE-Hmr,2021-10-07,8.81075,9.202708333333334,-0.21458333333332869,115.10520833333334
SE-Hmr,2021-10-08,5.983291666666666,7.6085520833333335,-0.8749999999999942,46.921749999999996
SE-Hmr,2021-10-09,9.993541666666667,7.2796666666666665,-1.5083333333333233,160.61839583333332
SE-Hmr,2021-10-10,9.479520833333334,8.744583333333333,-2.0427083333333234,43.81252083333334
SE-Hmr,2021-10-11,5.927979166666667,8.454041666666667,-2.1208333333333234,99.15341666666667
SE-Hmr,2021-10-12,4.068395833333334,6.700770833333333,-2.64374999999999,126.14558333333333
SE-Hmr,2021-10-13,0.33812499999999995,4.6345625,-2.9864583333333234,143.589375
SE-Hmr,2021-10-14,2.8523958333333335,3.55271875,-2.7989583333333234,19.9874375
SE-Hmr,2021-10-15,3.0623674811108685,4.593903729817731,-1.3837874314399712,15.836874347522468
SE-Hmr,2021-10-16,0.3373413582877516,2.867642442748124,-1.252991529546614,66.11828566678325
SE-Hmr,2021-10-17,0.43954166666666666,2.3493020833333333,-1.54374999999999,112.79272916666667
SE-Hmr,2021-10-18,0.46749999999999997,2.18240625,-1.88124999999999,109.72854166666667
SE-Hmr,2021-10-19,-2.6352291666666665,1.877625,-2.4666666666666566,91.29245833333333
SE-Hmr,2021-10-20,2.7523125,1.6738020833333334,-0.1802083333333281,25.096666666666668
SE-Hmr,2021-10-21,-1.0542291666666668,1.5046354166666667,0.16875000000000412,34.6733125
SE-Hmr,2021-10-22,-2.0671666666666666,1.4306041666666667,-0.371874999999995,34.53604166666667
SE-Hmr,2021-10-23,-5.326625,1.186,-0.8958333333333268,108.72970833333333
SE-Hmr,2021-10-24,-2.235895833333333,1.137875,-1.3333333333333248,31.814604166666665
SE-Hmr,2021-10-25,1.2314583333333333,1.1309270833333334,-0.9697916666666597,75.8163125
SE-Hmr,2021-10-26,1.4293958333333334,1.1807395833333334,-1.3687499999999948,46.34577083333333
SE-Hmr,2021-10-27,0.7793125,1.1508229166666666,-1.1166666666666598,22.586041666666667
SE-Hmr,2021-10-28,1.895375,1.19590625,-0.9872441634301995,29.370708333333333
SE-Hmr,2021-10-29,4.562955770294928,1.4527688067131765,-0.6345267908408615,34.42288706467203
SE-Hmr,2021-10-30,4.5069791666666665,2.4675,-0.011458333333328779,16.323604166666666
SE-Hmr,2021-10-31,3.4814375,2.9273854166666666,0.030208333333337938,16.325541666666666
SE-Hmr,2021-11-01,4.527855953534546,3.6604528427223983,0.0030723399275626186,14.031297985966305
SE-Hmr,2021-11-02,6.392625,5.0391875,-0.474999999999995,6.6518125
SE-Hmr,2021-11-03,4.781166666666667,5.1888125,-0.7156249999999951,5.7195625
SE-Hmr,2021-11-04,3.3491041666666668,4.81575,-0.23958333333332849,9.424416666666666
SE-Hmr,2021-11-05,1.4424166666666667,4.133489583333334,-0.6635416666666617,30.867395833333333
SE-Hmr,2021-11-06,-0.1671875,2.35175,-1.0770833333333245,55.274499999999996
SE-Hmr,2021-11-07,-2.961854166666667,1.62359375,-1.248958333333325,27.2904375
SE-Hmr,2021-11-08,-7.2094375,1.3498020833333333,-0.513541666666663,50.4971875
SE-Hmr,2021-11-09,-3.4065,1.1695625,0.05833333333333339,9.920854166666667
SE-Hmr,2021-11-10,0.09760416666666667,1.0913958333333333,0.354166666666665,57.61216666666667
SE-Hmr,2021-11-11,0.5803125,1.0579270833333334,0.4406249999999995,24.865104166666665
SE-Hmr,2021-11-12,0.42750000000000005,1.0239479166666667,-0.038541666666666106,41.069270833333334
SE-Hmr,2021-11-13,-3.9700416666666665,0.9668333333333333,-0.21874999999999856,39.42947916666667
SE-Hmr,2021-11-14,-6.136875,0.9524166666666667,0.6729166666666652,37.53277083333333
SE-Hmr,2021-11-15,-1.4140833333333334,0.951,1.2364583333333332,24.2111875
SE-Hmr,2021-11-16,1.0194583333333334,0.9418124999999999,1.4385416666666666,17.654625
SE-Hmr,2021-11-17,1.7905208333333333,0.9379166666666666,2.345833333333339,7.5885
SE-Hmr,2021-11-18,-0.22729166666666667,0.9123645833333334,2.1479166666666734,29.652833333333334
SE-Hmr,2021-11-19,-1.0927499999999999,0.87846875,2.3270833333333334,11.454854166666667
SE-Hmr,2021-11-20,-0.24160416666666668,0.8192291666666667,2.891666666666676,25.704875
SE-Hmr,2021-11-21,-5.0785833333333334,0.7180520833333334,3.4093750000000114,24.455666666666666
SE-Hmr,2021-11-22,-6.8588125,0.56225,4.16562500000002,8.296395833333333
SE-Hmr,2021-11-23,-3.855166666666667,0.44405208333333335,4.123958333333352,7.920145833333334
SE-Hmr,2021-11-24,-3.335375,0.39779166666666665,3.2135416666666834,14.1695
SE-Hmr,2021-11-25,-6.426645833333334,0.3808125,4.623958333333354,8.568979166666667
SE-Hmr,2021-11-26,-16.121666666666666,0.3695625,4.392708333333354,19.84027083333333
SE-Hmr,2021-11-27,-17.304583333333333,0.36494791666666665,3.6979166666666834,3.947458333333333
SE-Hmr,2021-11-28,-13.26375,0.3734375,3.6062500000000126,3.09075
SE-Hmr,2021-11-29,-10.356666666666667,0.38103125,3.868750000000017,6.671208333333333
SE-Hmr,2021-11-30,-15.17,0.36221875,4.566666666666687,8.248208333333334
SE-Hmr,2021-12-01,-18.410625,0.35151041666666666,NA,12.7431875
SE-Hmr,2021-12-02,-16.741041666666668,0.3427291666666667,NA,5.046833333333333
SE-Hmr,2021-12-03,-8.662104166666667,0.35246875,NA,1.8353333333333333
SE-Hmr,2021-12-04,-12.042625,0.35652083333333334,NA,9.971020833333334
SE-Hmr,2021-12-05,-15.275208333333333,0.343625,NA,5.771916666666667
SE-Hmr,2021-12-06,-18.933541666666667,0.3364166666666667,NA,2.9815
SE-Hmr,2021-12-07,-15.0225,0.35573958333333333,NA,2.540729166666667
SE-Hmr,2021-12-08,-13.375208333333333,0.37428125,NA,1.8326041666666666
SE-Hmr,2021-12-09,-6.401041666666667,0.3955208333333334,NA,0.9808541666666667
SE-Hmr,2021-12-10,-5.882833333333333,0.4056666666666667,NA,1.1068125
SE-Hmr,2021-12-11,-3.9476458333333335,0.4112395833333333,NA,0.7485
SE-Hmr,2021-12-12,-2.2257083333333334,0.41412499999999997,NA,0.9000625
SE-Hmr,2021-12-13,-3.8745416666666666,0.41633333333333333,NA,1.7860625
SE-Hmr,2021-12-14,-3.391125,0.42057291666666663,NA,2.1704166666666667
SE-Hmr,2021-12-15,-2.793791666666667,0.42366666666666664,NA,2.440958333333333
SE-Hmr,2021-12-16,-0.0455,0.42785416666666665,NA,1.8791458333333333
SE-Hmr,2021-12-17,0.766,0.42874999999999996,NA,3.9335833333333334
SE-Hmr,2021-12-18,2.023791666666667,0.42173958333333333,NA,5.4095
SE-Hmr,2021-12-19,-1.7042708333333334,0.42392708333333334,NA,3.0699375
SE-Hmr,2021-12-20,-9.951520833333333,0.41525,NA,7.349916666666667
SE-Hmr,2021-12-21,-15.544791666666667,0.3851354166666667,NA,6.5990625
SE-Hmr,2021-12-22,-16.766458333333333,0.3849375,NA,4.950458333333334
SE-Hmr,2021-12-23,-9.975833333333334,0.39171875,NA,2.79875
SE-Hmr,2021-12-24,-11.19375,0.3912083333333333,NA,5.918
SE-Hmr,2021-12-25,-9.726666666666667,0.39123958333333336,NA,7.214125
SE-Hmr,2021-12-26,-13.601041666666667,0.38504166666666667,NA,6.322333333333334
SE-Hmr,2021-12-27,-16.589375,0.37628125,NA,6.9707083333333335
SE-Hmr,2021-12-28,-6.0765,0.37926041666666666,NA,3.7566041666666665
SE-Hmr,2021-12-29,-4.629020833333334,0.38140625,NA,2.06425
SE-Hmr,2021-12-30,-4.5575,0.3821979166666667,NA,2.00775
SE-Hmr,2021-12-31,-9.488270833333333,0.38435416666666666,NA,3.9524375
SE-Hmr,2022-01-01,-12.740208333333333,0.38866666666666666,NA,4.669458333333333
SE-Hmr,2022-01-02,-5.792,0.39856250000000004,NA,1.688875
SE-Hmr,2022-01-03,-5.5036875,0.4013541666666667,NA,1.9948541666666666
SE-Hmr,2022-01-04,-6.2449375,0.4026354166666667,NA,1.9941041666666668
SE-Hmr,2022-01-05,-10.088083333333334,0.4030416666666667,NA,1.9915
SE-Hmr,2022-01-06,-10.298125,0.4017604166666667,NA,6.924125
SE-Hmr,2022-01-07,-15.283333333333333,0.4051041666666667,NA,7.2580625
SE-Hmr,2022-01-08,-16.731666666666666,0.4043541666666667,NA,2.5548125
SE-Hmr,2022-01-09,-15.150756812083891,0.3977488817661758,NA,3.1945932797939776
SE-Hmr,2022-01-10,-11.457939109501313,0.40813447595838104,NA,4.050604166666667
SE-Hmr,2022-01-11,-3.258583333333333,0.41792708333333334,NA,1.627125
SE-Hmr,2022-01-12,-1.28375,0.42628125,NA,6.292854166666666
SE-Hmr,2022-01-13,1.044875,0.4362083333333333,NA,7.646
SE-Hmr,2022-01-14,-0.5745208333333334,0.43990625,NA,12.106
SE-Hmr,2022-01-15,-2.3157916666666667,0.44125000000000003,NA,10.929020833333333
SE-Hmr,2022-01-16,-0.24785416666666665,0.4465,NA,4.781479166666667
SE-Hmr,2022-01-17,-4.427458333333333,0.444,NA,15.1414375
SE-Hmr,2022-01-18,-2.0955416666666666,0.4406145833333333,NA,8.209645833333333
SE-Hmr,2022-01-19,3.0777083333333333,0.45442708333333337,NA,11.6585
SE-Hmr,2022-01-20,-4.0546875,0.46547916666666667,NA,23.737750000000002
SE-Hmr,2022-01-21,-7.684520833333333,0.4528125,NA,25.787395833333335
SE-Hmr,2022-01-22,-7.2368958333333335,0.43684375,NA,9.762479166666667
SE-Hmr,2022-01-23,3.7198333333333333,0.45605208333333336,NA,21.361708333333333
SE-Hmr,2022-01-24,2.328520833333333,0.49241666666666667,NA,20.708833333333335
SE-Hmr,2022-01-25,-4.334958333333334,0.4961770833333333,NA,33.307604166666664
SE-Hmr,2022-01-26,-6.318833333333333,0.46134375,NA,22.559020833333335
SE-Hmr,2022-01-27,-5.933708333333334,0.44816666666666666,NA,10.7750625
SE-Hmr,2022-01-28,-5.4978125,0.4589375,NA,39.01620833333333
SE-Hmr,2022-01-29,-4.337291666666666,0.45826041666666667,NA,11.535041666666666
SE-Hmr,2022-01-30,-7.437708333333333,0.46845833333333337,NA,23.496458333333333
SE-Hmr,2022-01-31,-12.858125,0.4503229166666667,NA,50.3454375
SE-Hmr,2022-02-01,-12.99875,0.4355,NA,19.71625
SE-Hmr,2022-02-02,-12.646458333333333,0.43563541666666666,NA,21.354875
SE-Hmr,2022-02-03,-15.4,0.43576041666666665,NA,32.439416666666666
SE-Hmr,2022-02-04,-5.458291666666667,0.43416666666666665,NA,9.818895833333334
SE-Hmr,2022-02-05,-4.459479166666666,0.4473229166666667,NA,38.21070833333333
SE-Hmr,2022-02-06,-4.267979166666667,0.4786770833333333,NA,22.18975
SE-Hmr,2022-02-07,-6.2641875,0.4956875,NA,28.631458333333335
SE-Hmr,2022-02-08,-5.6630416666666665,0.5040833333333333,NA,17.967583333333334
SE-Hmr,2022-02-09,-4.4803125,0.5001979166666667,NA,38.510729166666664
SE-Hmr,2022-02-10,-2.3505208333333334,0.48740625,NA,64.55572916666667
SE-Hmr,2022-02-11,-6.187354166666666,0.4798958333333333,NA,79.76429166666667
SE-Hmr,2022-02-12,-5.5439791666666665,0.4724895833333333,NA,80.685875
SE-Hmr,2022-02-13,-1.6705416666666666,0.47081249999999997,NA,32.20397916666666
SE-Hmr,2022-02-14,-6.8553125,0.49934375,NA,63.474875
SE-Hmr,2022-02-15,-8.683583333333333,0.5187916666666667,NA,25.27125
SE-Hmr,2022-02-16,-7.339291666666667,0.5176041666666666,NA,21.446166666666667
SE-Hmr,2022-02-17,-6.305791666666667,0.5033124999999999,NA,39.7493125
SE-Hmr,2022-02-18,-7.9469375,0.49678125,NA,55.638041666666666
SE-Hmr,2022-02-19,-8.232166666666666,0.4905,NA,107.85979166666667
SE-Hmr,2022-02-20,-7.203333333333333,0.49677083333333333,NA,62.67060416666667
SE-Hmr,2022-02-21,-10.134583333333333,0.48914583333333334,NA,30.381833333333333
SE-Hmr,2022-02-22,-13.421875,0.48114583333333333,NA,118.40091666666666
SE-Hmr,2022-02-23,-8.565104166666666,0.46990624999999997,NA,47.52764583333333
SE-Hmr,2022-02-24,-0.8522708333333333,0.47196875,NA,76.00060416666666
SE-Hmr,2022-02-25,-3.1271458333333335,0.47712499999999997,NA,113.22033333333333
SE-Hmr,2022-02-26,-4.92125,0.47823958333333333,NA,137.72285416666665
SE-Hmr,2022-02-27,-0.678125,0.4788645833333333,NA,133.686625
SE-Hmr,2022-02-28,0.6316041666666666,0.48001041666666666,NA,155.4808125
SE-Hmr,2022-03-01,-0.6040833333333333,0.48291666666666666,NA,92.60477083333333
SE-Hmr,2022-03-02,2.1953125,0.485875,NA,122.56066666666666
SE-Hmr,2022-03-03,-2.079875,0.4924375,NA,169.06014583333334
SE-Hmr,2022-03-04,-5.1300625,0.49185416666666665,NA,174.8264375
SE-Hmr,2022-03-05,-2.8230625,0.47971874999999997,NA,136.85866666666666
SE-Hmr,2022-03-06,-0.13389583333333333,0.4800520833333333,NA,157.14458333333332
SE-Hmr,2022-03-07,-2.386416666666667,0.48394791666666664,NA,83.52745833333333
SE-Hmr,2022-03-08,-0.2871458333333333,0.4863854166666667,NA,126.12922916666666
SE-Hmr,2022-03-09,-3.398270833333333,0.48945833333333333,NA,82.13610416666667
SE-Hmr,2022-03-10,0.08374999999999999,0.49273958333333334,NA,156.64702083333333
SE-Hmr,2022-03-11,3.7476875,0.4971875,NA,129.3595
SE-Hmr,2022-03-12,2.0133541666666668,0.5010208333333334,NA,215.98464583333333
SE-Hmr,2022-03-13,1.2401041666666668,0.49407291666666664,NA,224.45464583333333
SE-Hmr,2022-03-14,2.3169583333333335,0.4813958333333333,NA,186.57077083333334
SE-Hmr,2022-03-15,1.4229583333333333,0.47823958333333333,NA,241.75583333333333
SE-Hmr,2022-03-16,-0.7792083333333334,0.48062499999999997,NA,194.90260416666666
SE-Hmr,2022-03-17,-0.19070833333333334,0.48732291666666666,NA,211.91027083333333
SE-Hmr,2022-03-18,1.6871458333333333,0.49564583333333334,NA,155.70529166666665
SE-Hmr,2022-03-19,4.651875,0.5036979166666666,NA,191.93933333333334
SE-Hmr,2022-03-20,6.779145833333334,0.52515625,NA,268.0190416666667
SE-Hmr,2022-03-21,6.048041666666666,0.5461041666666667,NA,280.1493125
SE-Hmr,2022-03-22,2.3251041666666667,0.5569166666666667,NA,274.82772916666664
SE-Hmr,2022-03-23,4.0970208333333336,0.56265625,NA,271.90404166666667
SE-Hmr,2022-03-24,3.2769583333333334,0.5681770833333333,NA,116.41395833333334
SE-Hmr,2022-03-25,1.962125,0.5705208333333334,NA,163.5154375
SE-Hmr,2022-03-26,-2.109916666666667,0.5769270833333333,NA,263.73929166666665
SE-Hmr,2022-03-27,-3.6030416666666665,0.5687916666666667,NA,83.95054166666667
SE-Hmr,2022-03-28,-4.451,0.56665625,NA,169.61104166666667
SE-Hmr,2022-03-29,-7.53275,0.568375,NA,325.31195833333334
SE-Hmr,2022-03-30,-4.046020833333333,0.5708854166666667,NA,232.90816666666666
SE-Hmr,2022-03-31,-6.414354166666667,0.5726770833333333,NA,265.012375
SE-Hmr,2022-04-01,-5.7086041666666665,0.5647395833333333,NA,242.63877083333333
SE-Hmr,2022-04-02,-3.414645833333333,0.5370729166666667,NA,177.37725
SE-Hmr,2022-04-03,-3.027,0.53165625,NA,267.47802083333335
SE-Hmr,2022-04-04,-6.25625,0.531125,NA,197.3315625
SE-Hmr,2022-04-05,-7.624958333333334,0.52503125,NA,362.97325
SE-Hmr,2022-04-06,-3.62125,0.5219270833333334,NA,205.9664375
SE-Hmr,2022-04-07,-4.779520833333334,0.5341770833333334,NA,171.37422916666668
SE-Hmr,2022-04-08,-2.643520833333333,0.5382604166666667,NA,98.40529166666667
SE-Hmr,2022-04-09,-2.393666666666667,0.5388645833333333,NA,154.70833333333334
SE-Hmr,2022-04-10,-4.088166666666667,0.5366041666666667,NA,180.9090625
SE-Hmr,2022-04-11,-0.8176458333333333,0.5366458333333334,NA,356.544125
SE-Hmr,2022-04-12,0.2805833333333333,0.5416666666666666,NA,382.1285208333333
SE-Hmr,2022-04-13,2.0751458333333335,0.5454895833333333,NA,288.3587708333333
SE-Hmr,2022-04-14,1.1177083333333333,0.5478125,NA,428.70972916666665
SE-Hmr,2022-04-15,0.8648125,0.5653125,NA,446.05372916666664
SE-Hmr,2022-04-16,3.8055208333333335,0.5844583333333333,NA,284.5451458333333
SE-Hmr,2022-04-17,6.357333333333333,0.5945520833333333,NA,444.57533333333333
SE-Hmr,2022-04-18,7.617916666666667,0.5997604166666667,NA,436.812875
SE-Hmr,2022-04-19,7.520479166666667,0.6112083333333334,NA,461.84641666666664
SE-Hmr,2022-04-20,7.3419791666666665,0.626875,NA,479.0040833333333
SE-Hmr,2022-04-21,9.255749999999999,0.6470625,NA,482.462625
SE-Hmr,2022-04-22,5.66625,0.6516354166666667,NA,456.1193125
SE-Hmr,2022-04-23,4.0765416666666665,0.6560520833333333,NA,289.55485416666664
SE-Hmr,2022-04-24,3.80775,0.6557916666666667,NA,496.10614583333336
SE-Hmr,2022-04-25,4.3494375,0.6542708333333334,NA,381.4398958333333
SE-Hmr,2022-04-26,-0.31033333333333335,0.6456041666666666,NA,378.56391666666667
SE-Hmr,2022-04-27,-1.602,0.6833750000000001,NA,415.0475833333333
SE-Hmr,2022-04-28,-0.242,0.658375,NA,344.4032916666667
SE-Hmr,2022-04-29,0.27370833333333333,0.6469791666666667,NA,408.62725
SE-Hmr,2022-04-30,3.2481875000000002,0.6671875,NA,292.05564583333336
SE-Hmr,2022-05-01,3.382229166666667,0.6555104166666667,5.338541666666673,446.2630833333333
SE-Hmr,2022-05-02,3.9406875,0.6447083333333333,4.083333333333345,385.06089583333335
SE-Hmr,2022-05-03,0.7467083333333333,0.5329479166666666,1.6010416666666671,382.6795
SE-Hmr,2022-05-04,1.5508541666666666,0.527375,0.7906250000000024,530.7710625
SE-Hmr,2022-05-05,5.163875,0.7138854166666667,0.833333333333335,394.5551875
SE-Hmr,2022-05-06,7.211916666666666,2.392052083333333,0.2864583333333375,531.31025
SE-Hmr,2022-05-07,5.653520833333333,4.534833333333333,-0.0895833333333293,422.1485
SE-Hmr,2022-05-08,2.878375,4.130322916666667,-0.47708333333332836,464.3615208333333
SE-Hmr,2022-05-09,6.4208125,5.23359375,-0.7979166666666616,436.6565
SE-Hmr,2022-05-10,8.509,6.86315625,-0.9354166666666602,437.3176875
SE-Hmr,2022-05-11,8.930479166666666,8.359770833333334,-0.692708333333328,420.38652083333335
SE-Hmr,2022-05-12,6.667458333333333,8.505260416666667,-0.6427083333333284,276.8379375
SE-Hmr,2022-05-13,8.347270833333333,8.508135416666667,-0.6906249999999939,489.123875
SE-Hmr,2022-05-14,6.6827499999999995,8.818020833333334,-1.0041666666666584,270.2986666666667
SE-Hmr,2022-05-15,6.8545625,8.044770833333333,-1.462499999999991,432.945625
SE-Hmr,2022-05-16,4.6807083333333335,7.057427083333334,-2.57135416666666,365.50089583333335
SE-Hmr,2022-05-17,5.606333333333334,7.02178125,-4.440625,599.0652916666667
SE-Hmr,2022-05-18,10.888479166666666,9.0084375,-5,595.8280208333333
SE-Hmr,2022-05-19,6.5244583333333335,9.658854166666666,-5.467708333333333,380.93629166666665
SE-Hmr,2022-05-20,8.7581875,9.215104166666666,-5.819791666666667,351.3066666666667
SE-Hmr,2022-05-21,11.242958333333334,10.22625,-6.263541666666667,567.3525833333333
SE-Hmr,2022-05-22,11.772916666666667,11.005833333333333,-6.9343749999999975,618.0563333333333
SE-Hmr,2022-05-23,10.785979166666667,10.932395833333333,-7.670833333333329,609.1788958333333
SE-Hmr,2022-05-24,10.155458333333334,10.929895833333333,-8.500000000000007,630.8855625
SE-Hmr,2022-05-25,11.340604166666667,10.704583333333334,-9.242708333333344,471.32772916666664
SE-Hmr,2022-05-26,10.050833333333333,10.960104166666667,-7.155937500000003,254.31920833333334
SE-Hmr,2022-05-27,9.464854166666667,11.5884375,-4.922708333333337,335.9480208333333
SE-Hmr,2022-05-28,7.8434375,11.139479166666666,-4.514583333333333,333.141
SE-Hmr,2022-05-29,9.9234375,11.647708333333334,-4.606250000000002,402.0776666666667
SE-Hmr,2022-05-30,11.666458333333333,12.212395833333334,-4.978125000000005,256.41464583333334
SE-Hmr,2022-05-31,12.160416666666666,12.286875,-5.4375000000000036,325.21616666666665
SE-Hmr,2022-06-01,9.314166666666667,11.887708333333334,-3.5416666666666665,94.18672916666667
SE-Hmr,2022-06-02,11.944479166666667,11.462083333333334,-2.7802083333333334,382.09179166666667
SE-Hmr,2022-06-03,11.117708333333333,12.290833333333333,-3.0479166666666666,304.920625
SE-Hmr,2022-06-04,11.942499999999999,12.725833333333334,-3.810416666666667,495.21985416666666
SE-Hmr,2022-06-05,9.396166666666666,12.322604166666666,-4.722916666666671,524.5938333333334
SE-Hmr,2022-06-06,9.848916666666668,11.987291666666666,-5.511458333333338,655.688
SE-Hmr,2022-06-07,13.551145833333333,13.128958333333333,-6.385416666666669,690.6644583333333
SE-Hmr,2022-06-08,13.4123125,13.626041666666667,-6.909375000000008,349.5277708333333
SE-Hmr,2022-06-09,10.412104166666667,13.136145833333334,-5.3437500000000036,186.21735416666667
SE-Hmr,2022-06-10,13.511125,13.112291666666668,-5.803125,631.1565208333334
SE-Hmr,2022-06-11,14.21125,14.1228125,-6.783333333333338,468.37564583333335
SE-Hmr,2022-06-12,12.352416666666667,14.157083333333333,-5.485416666666676,447.29772916666667
SE-Hmr,2022-06-13,13.478229166666667,14.068854166666666,-3.021875,466.29420833333336
SE-Hmr,2022-06-14,13.350625,14.783229166666667,-4.260416666666667,580.4843125
SE-Hmr,2022-06-15,12.295416666666666,14.317083333333333,-5.012500000000009,537.0194791666667
SE-Hmr,2022-06-16,12.900375,14.192395833333334,-5.448958333333338,613.3679166666667
SE-Hmr,2022-06-17,13.315708333333333,14.6034375,-6.276041666666667,613.7354583333333
SE-Hmr,2022-06-18,10.655833333333334,14.387291666666666,-4.7,133.81125
SE-Hmr,2022-06-19,10.355770833333333,12.895,0.2354166666666593,161.36025
SE-Hmr,2022-06-20,13.494375,13.794583333333334,-0.7052083333333387,540.1174375
SE-Hmr,2022-06-21,14.941666666666666,15.6296875,-1.7865104166666668,484.8293125
SE-Hmr,2022-06-22,11.8803125,15.917604166666667,-4.076510416666667,661.9051666666667
SE-Hmr,2022-06-23,14.337916666666667,15.6453125,-4.194791666666667,323.20175
SE-Hmr,2022-06-24,18.89,17.387291666666666,-5.09375,677.0987708333333
SE-Hmr,2022-06-25,19.770833333333332,18.994375,-6.257291666666666,688.8438333333334
SE-Hmr,2022-06-26,21.83125,19.48625,-7.313541666666664,608.6136458333333
SE-Hmr,2022-06-27,21.324375,19.634479166666665,-8.491666666666665,677.1654375
SE-Hmr,2022-06-28,22.757708333333333,19.745,-9.692708333333341,631.2126875
SE-Hmr,2022-06-29,22.342708333333334,20.0665625,-10.696875,580.1403541666666
SE-Hmr,2022-06-30,23.012916666666666,20.340729166666666,-11.596875000000052,627.6572291666666
SE-Hmr,2022-07-01,22.579166666666666,20.238958333333333,-12.007812500000068,575.1265
SE-Hmr,2022-07-02,20.277708333333333,19.8746875,-10.882291666666667,308.733875
SE-Hmr,2022-07-03,17.5275,19.31427083333333,-11.625,578.0441458333333
SE-Hmr,2022-07-04,17.215416666666666,18.6571875,-12.5,610.31925
SE-Hmr,2022-07-05,13.7725,18.047708333333333,-10.653124999999996,347.5502916666667
SE-Hmr,2022-07-06,12.850833333333334,17.275,-11.032291666666667,606.7972083333333
SE-Hmr,2022-07-07,12.447291666666667,16.865,-11.99375,399.0724375
SE-Hmr,2022-07-08,13.173125,16.53625,-12.851041666666667,482.6138125
SE-Hmr,2022-07-09,11.556458333333333,16.003229166666667,-12.720833333333331,232.99072916666665
SE-Hmr,2022-07-10,12.419583333333334,15.464479166666667,-5.91145833333325,341.24539583333336
SE-Hmr,2022-07-11,15.076041666666667,16.01625,-5.0562499999999195,464.78320833333333
SE-Hmr,2022-07-12,17.871041666666667,16.783541666666668,-5.710416666666585,611.1393333333333
SE-Hmr,2022-07-13,16.824791666666666,17.134791666666665,-7.079166666666594,383.3600625
SE-Hmr,2022-07-14,13.960416666666667,16.862395833333334,-5.8593749999999245,237.571875
SE-Hmr,2022-07-15,11.369791666666666,16.0946875,-3.7281249999999297,171.28745833333335
SE-Hmr,2022-07-16,11.044166666666667,15.017083333333334,-3.0677083333332633,213.67239583333333
SE-Hmr,2022-07-17,10.620520833333334,14.473958333333334,-3.4802083333332634,280.86260416666664
SE-Hmr,2022-07-18,12.854166666666666,14.7053125,-4.559374999999927,404.4603125
SE-Hmr,2022-07-19,13.114791666666667,15.324479166666666,-5.459374999999918,520.6992708333333
SE-Hmr,2022-07-20,15.47875,15.663229166666667,-6.464583333333257,584.580625
SE-Hmr,2022-07-21,17.891875,16.327083333333334,-7.179166666666597,336.69604166666664
SE-Hmr,2022-07-22,15.520208333333333,16.978749999999998,-7.911458333333269,551.8665833333333
SE-Hmr,2022-07-23,13.870833333333334,16.675729166666667,-8.903124999999957,606.6560416666666
SE-Hmr,2022-07-24,14.566520833333334,16.312916666666666,-9.714583333333316,369.406625
SE-Hmr,2022-07-25,14.77125,15.7603125,-10.15625,193.13908333333333
SE-Hmr,2022-07-26,15.672083333333333,15.8571875,-8.214583333333279,168.67435416666666
SE-Hmr,2022-07-27,13.431458333333333,15.900833333333333,-8.841666666666622,266.7125833333333
SE-Hmr,2022-07-28,10.945125,14.9746875,-12.731250000000012,364.88722916666666
SE-Hmr,2022-07-29,12.185166666666667,14.699895833333333,-13.210416666666706,413.68604166666665
SE-Hmr,2022-07-30,13.727125000000001,14.973333333333333,-14.036458333333433,402.02320833333334
SE-Hmr,2022-07-31,15.941458333333333,15.3553125,-14.6562500000001,585.2097083333333
SE-Hmr,2022-08-01,14.809375,15.890729166666667,-15.1781250000001,303.83633333333336
SE-Hmr,2022-08-02,12.25125,15.555416666666666,-13.213541666666686,243.57014583333333
SE-Hmr,2022-08-03,13.79625,14.8521875,-13.527083333333387,115.69389583333333
SE-Hmr,2022-08-04,17.755,15.556041666666667,-14.263541666666766,349.72995833333334
SE-Hmr,2022-08-05,15.34,16.157708333333332,-14.9562500000001,372.7386041666667
SE-Hmr,2022-08-06,10.613125,15.251875,-12.836458333333384,196.3923125
SE-Hmr,2022-08-07,11.187041666666667,14.139583333333333,-10.12291666666666,392.3335416666667
SE-Hmr,2022-08-08,11.832020833333333,14.0665625,-9.943749999999989,531.1006458333334
SE-Hmr,2022-08-09,15.197083333333333,14.325833333333334,-10.789583333333333,477.40264583333334
SE-Hmr,2022-08-10,16.85375,15.161354166666667,-10.241666666666667,259.4639583333333
SE-Hmr,2022-08-11,15.875416666666666,15.265520833333333,-11.080208333333333,357.26927083333334
SE-Hmr,2022-08-12,13.5765,15.066041666666667,-12.185416666666713,525.7270625
SE-Hmr,2022-08-13,10.9275625,14.207395833333333,-10.53229166666669,87.66558333333333
SE-Hmr,2022-08-14,14.779791666666666,14.27125,-10.479166666666666,416.72041666666667
SE-Hmr,2022-08-15,16.3125,14.7834375,-11.577083333333333,370.90070833333334
SE-Hmr,2022-08-16,19.99395833333333,15.538229166666667,-12.30312500000005,406.3836875
SE-Hmr,2022-08-17,17.348333333333333,16.151666666666667,-11.625000000000068,193.07922916666666
SE-Hmr,2022-08-18,12.35975,15.523333333333333,-10.144791666666666,356.3449375
SE-Hmr,2022-08-19,16.755,15.809375,-11.011458333333334,336.4867708333333
SE-Hmr,2022-08-20,17.776666666666667,16.419583333333332,-8.069791666666658,127.0385
SE-Hmr,2022-08-21,16.070416666666667,16.536875,-4.517708333333333,108.33225
SE-Hmr,2022-08-22,14.103541666666667,16.2259375,-5.8770833333333234,447.2956875
SE-Hmr,2022-08-23,13.574583333333333,15.31875,-7.1093749999999885,431.9069583333333
SE-Hmr,2022-08-24,13.601875,15.1803125,-7.783333333333314,325.85025
SE-Hmr,2022-08-25,14.880416666666667,15.058958333333333,-8.276041666666647,442.3205625
SE-Hmr,2022-08-26,15.294166666666667,15.310104166666667,-8.839583333333318,417.00472916666666
SE-Hmr,2022-08-27,13.840625,15.1340625,-8.691666666666649,90.00941666666667
SE-Hmr,2022-08-28,11.2013125,14.375625,-9.12499999999999,414.0255625
SE-Hmr,2022-08-29,10.666791666666667,13.650208333333333,-9.838541666666666,370.7192708333333
SE-Hmr,2022-08-30,10.057479166666667,13.547604166666666,-10.098958333333334,269.00160416666665
SE-Hmr,2022-08-31,8.176854166666667,13.1678125,-9.897916666666667,274.04679166666665
SE-Hmr,2022-09-01,6.7605208333333335,12.362083333333333,-10.470833333333333,309.52883333333335
SE-Hmr,2022-09-02,4.806958333333333,11.382708333333333,-10.992708333333333,255.85585416666666
SE-Hmr,2022-09-03,6.547958333333333,11.227916666666667,-11.277083333333334,243.9593125
SE-Hmr,2022-09-04,5.904270833333333,10.967708333333334,-11.786458333333336,339.59470833333336
SE-Hmr,2022-09-05,8.181083333333333,10.60375,-12.239583333333377,375.514125
SE-Hmr,2022-09-06,8.474666666666666,10.462083333333334,-12.580208333333433,214.00875
SE-Hmr,2022-09-07,6.9459375,10.7709375,-12.9093750000001,196.34570833333333
SE-Hmr,2022-09-08,6.6989375,10.170104166666667,-13.239583333333433,296.87135416666666
SE-Hmr,2022-09-09,9.842145833333333,10.623958333333334,-13.516666666666767,256.287625
SE-Hmr,2022-09-10,9.643333333333333,10.390416666666667,-13.830208333333433,347.240625
SE-Hmr,2022-09-11,10.026875,10.438125,-14.101041666666767,177.71289583333333
SE-Hmr,2022-09-12,10.034354166666667,10.878541666666667,-14.300000000000077,217.84272916666666
SE-Hmr,2022-09-13,11.43875,11.2384375,-13.608333333333423,75.27527083333334
SE-Hmr,2022-09-14,9.185416666666667,11.05125,-10.087500000000018,34.191583333333334
SE-Hmr,2022-09-15,9.385833333333334,10.908541666666666,-5.434374999999995,54.31885416666667
SE-Hmr,2022-09-16,9.464583333333334,10.852604166666666,-3.280208333333324,59.899145833333336
SE-Hmr,2022-09-17,8.708041666666666,10.804583333333333,-2.911458333333329,97.7960625
SE-Hmr,2022-09-18,7.790333333333333,10.278645833333334,-2.890624999999995,63.53066666666667
SE-Hmr,2022-09-19,7.068708333333333,9.748958333333334,-3.2385416666666593,62.39895833333333
SE-Hmr,2022-09-20,4.6921875,8.666770833333333,-4.208333333333333,281.22802083333335
SE-Hmr,2022-09-21,6.269354166666667,7.7035,-4.884374999999998,257.0308125
SE-Hmr,2022-09-22,8.312625,8.034854166666667,-5.36874999999999,223.58975
SE-Hmr,2022-09-23,9.8225,8.948541666666667,-5.758333333333323,54.4474375
SE-Hmr,2022-09-24,10.032916666666667,9.7253125,-5.25104166666666,63.8715625
SE-Hmr,2022-09-25,9.05375,9.97,-4.78125,92.85464583333334
SE-Hmr,2022-09-26,7.519395833333333,9.811979166666667,-5.2145833333333265,71.66770833333334
SE-Hmr,2022-09-27,8.064020833333334,9.439791666666666,-5.827083333333324,133.89285416666667
SE-Hmr,2022-09-28,7.064166666666667,9.201875,-6.202083333333324,68.68237500000001
SE-Hmr,2022-09-29,6.305833333333333,9.046875,-6.42187499999999,90.53114583333333
SE-Hmr,2022-09-30,3.7981041666666666,8.396145833333334,-6.6583333333333234,62.50445833333333
SE-Hmr,2022-10-01,5.3321250000000004,7.667979166666667,-6.751041666666657,69.47627083333333
SE-Hmr,2022-10-02,7.419791666666667,7.846604166666666,-6.751041666666657,74.89450000000001
SE-Hmr,2022-10-03,7.838166666666667,8.470208333333334,-6.952083333333324,71.235625
SE-Hmr,2022-10-04,5.329625,7.853802083333333,-7.213541666666656,92.84320833333334
SE-Hmr,2022-10-05,7.918291666666667,8.214625,-4.249999999999993,78.31704166666667
SE-Hmr,2022-10-06,8.303333333333333,8.6259375,-2.8958333333333277,138.266875
SE-Hmr,2022-10-07,7.8462708333333335,7.444395833333333,-3.498958333333328,136.93745833333332
SE-Hmr,2022-10-08,6.187020833333333,7.308854166666666,-2.930208333333328,162.40614583333334
SE-Hmr,2022-10-09,5.2581875,6.0177604166666665,-3.8822916666666654,124.08885416666666
SE-Hmr,2022-10-10,6.4488125,5.9410625,-4.389583333333333,123.15289583333333
SE-Hmr,2022-10-11,6.562666666666667,6.519135416666667,-4.266666666666667,81.10425000000001
SE-Hmr,2022-10-12,3.566125,5.331927083333333,-4.855208333333331,152.305125
SE-Hmr,2022-10-13,5.046625,4.768916666666667,-5.27499999999999,119.96041666666667
SE-Hmr,2022-10-14,6.219625,5.513614583333333,-5.252083333333326,111.9501875
SE-Hmr,2022-10-15,6.9589791666666665,6.406447916666667,-4.460416666666667,48.22195833333333
SE-Hmr,2022-10-16,2.7989375,5.91578125,-3.9156249999999946,22.410520833333333
SE-Hmr,2022-10-17,3.1326458333333336,4.751729166666666,-3.9760416666666645,131.22729166666667
SE-Hmr,2022-10-18,2.0633125,3.847,-4.521875,85.35822916666666
SE-Hmr,2022-10-19,3.002875,3.2429375,-4.922916666666665,84.23314583333334
SE-Hmr,2022-10-20,3.0128541666666666,3.02815625,-5.305208333333323,105.8304375
SE-Hmr,2022-10-21,0.8928958333333333,2.823677083333333,-5.620833333333324,52.418145833333334
SE-Hmr,2022-10-22,1.935,3.1350416666666665,-5.842708333333324,64.17072916666666
SE-Hmr,2022-10-23,1.4076875,2.819822916666667,-6.169791666666657,98.99327083333334
SE-Hmr,2022-10-24,-1.989375,2.080302083333333,-6.544791666666657,69.17229166666667
SE-Hmr,2022-10-25,1.5568958333333334,1.8093229166666667,-6.15937499999999,66.31272916666667
SE-Hmr,2022-10-26,1.9825,1.9105520833333334,-5.5697916666666565,59.29777083333333
SE-Hmr,2022-10-27,3.5830625,2.1418854166666668,-5.138541666666662,12.181270833333333
SE-Hmr,2022-10-28,6.042979166666667,2.79996875,-4.736458333333333,59.410354166666664
SE-Hmr,2022-10-29,4.714083333333333,3.11303125,-4.909374999999999,38.09285416666667
SE-Hmr,2022-10-30,1.9619583333333332,2.4906145833333335,-5.40937499999999,40.692708333333336
SE-Hmr,2022-10-31,0.77975,1.8773020833333334,-5.836458333333323,30.686229166666667
SE-Hmr,2022-11-01,3.6619375,1.70603125,-6.166666666666657,79.16704166666666
SE-Hmr,2022-11-02,4.41875,1.95225,-5.483333333333327,12.740354166666666
SE-Hmr,2022-11-03,5.646729166666667,3.2330625,-4.672916666666667,11.457958333333334
SE-Hmr,2022-11-04,5.7506458333333335,4.162520833333334,-5.023958333333329,11.723625
SE-Hmr,2022-11-05,4.285083333333334,4.390395833333334,-4.930208333333327,5.241333333333333
SE-Hmr,2022-11-06,1.725,3.974947916666667,-3.707291666666661,18.930791666666668
SE-Hmr,2022-11-07,-0.5937708333333334,3.4482708333333334,-4.289583333333334,26.958270833333334
SE-Hmr,2022-11-08,-3.1807083333333335,2.348375,-4.784375,57.01177083333334
SE-Hmr,2022-11-09,-2.94225,1.6441666666666668,-5.2729166666666565,9.446125
SE-Hmr,2022-11-10,-1.5221875,1.4734479166666667,-5.63749999999999,14.421458333333334
SE-Hmr,2022-11-11,5.365729166666666,1.5389479166666666,-4.1177083333333275,31.388375
SE-Hmr,2022-11-12,6.795541666666667,2.09734375,-4.309375,43.61739583333333
SE-Hmr,2022-11-13,2.3432708333333334,1.8974583333333332,-4.911458333333331,40.628083333333336
SE-Hmr,2022-11-14,-0.9343333333333333,1.3767291666666666,-5.3354166666666565,14.727916666666667
SE-Hmr,2022-11-15,-3.79475,1.1775625,-5.577083333333324,41.32445833333333
SE-Hmr,2022-11-16,-7.3140625,1.01715625,-5.015624999999992,35.99070833333333
SE-Hmr,2022-11-17,-9.173458333333333,0.9313020833333333,-4.204166666666667,32.083979166666666
SE-Hmr,2022-11-18,-8.489208333333334,0.9014166666666666,-3.485416666666659,6.4924583333333334
SE-Hmr,2022-11-19,-4.945416666666667,0.87409375,-2.733333333333328,4.7855625
SE-Hmr,2022-11-20,-4.615541666666667,0.8584791666666667,-2.0354166666666664,4.4394375
SE-Hmr,2022-11-21,-6.016375,0.8387708333333334,-1.365625,2.6279375000000003
SE-Hmr,2022-11-22,-4.732583333333333,0.8059375,-0.5718750000000011,1.9795
SE-Hmr,2022-11-23,-8.7695,0.7605416666666667,0.36458333333333326,3.8477083333333333
SE-Hmr,2022-11-24,-6.477375,0.6992395833333334,1.2927083333333473,1.8856458333333332
SE-Hmr,2022-11-25,-3.2733541666666666,0.6563645833333334,1.7270833333333533,3.154875
SE-Hmr,2022-11-26,-1.4744166666666667,0.6385833333333333,1.7572916666666867,1.8691875
SE-Hmr,2022-11-27,-0.204375,0.6364479166666667,1.7333333333333534,1.5350208333333333
SE-Hmr,2022-11-28,0.13589583333333333,0.646,1.55625000000002,1.6352083333333334
SE-Hmr,2022-11-29,-0.8304375,0.6297291666666667,1.1364583333333464,1.9676458333333333
SE-Hmr,2022-11-30,-0.5161458333333333,0.63225,1.00625000000001,2.6542916666666665
SE-Hmr,2022-12-01,-1.3293541666666666,0.6293541666666667,NA,6.495583333333333
SE-Hmr,2022-12-02,-5.148979166666667,0.62659375,NA,3.4042708333333334
SE-Hmr,2022-12-03,-5.320833333333334,0.62534375,NA,2.282958333333333
SE-Hmr,2022-12-04,-5.9881874999999996,0.6187083333333333,NA,2.6140416666666666
SE-Hmr,2022-12-05,-4.679104166666667,0.6100208333333333,NA,2.0927083333333334
SE-Hmr,2022-12-06,-5.246479166666667,0.6014895833333334,NA,7.0319375
SE-Hmr,2022-12-07,-12.261875,0.5816979166666667,NA,3.9366875
SE-Hmr,2022-12-08,-8.080479166666667,0.5674166666666667,NA,1.4200208333333333
SE-Hmr,2022-12-09,-5.9704375,0.55915625,NA,1.4958958333333334
SE-Hmr,2022-12-10,-8.781875,0.5534687500000001,NA,1.6514375000000001
SE-Hmr,2022-12-11,-5.510416666666667,0.55159375,NA,1.079375
SE-Hmr,2022-12-12,-11.614208333333334,0.5492291666666667,NA,2.4823958333333334
SE-Hmr,2022-12-13,-15.480625,0.5475208333333333,NA,1.6811041666666666
SE-Hmr,2022-12-14,-17.715,0.54671875,NA,3.5626875
SE-Hmr,2022-12-15,-14.379791666666668,0.5449270833333334,NA,3.1003958333333332
SE-Hmr,2022-12-16,-11.043125,0.5465833333333333,NA,4.056854166666667
SE-Hmr,2022-12-17,-12.868958333333333,0.5448020833333334,NA,3.0198958333333334
SE-Hmr,2022-12-18,-5.9589375,0.5478854166666667,NA,0.9561041666666666
SE-Hmr,2022-12-19,-7.067270833333334,0.5449895833333334,NA,1.6905416666666666
SE-Hmr,2022-12-20,-3.515645833333333,0.54375,NA,0.95075
SE-Hmr,2022-12-21,-5.329604166666667,0.5424375,NA,0.8928125
SE-Hmr,2022-12-22,-6.74725,0.53590625,NA,1.6448541666666667
SE-Hmr,2022-12-23,-8.2471875,0.5327395833333334,NA,3.2160416666666665
SE-Hmr,2022-12-24,-7.5158958333333334,0.5280833333333333,NA,3.723520833333333
SE-Hmr,2022-12-25,-9.270520833333334,0.5212083333333333,NA,2.809229166666667
SE-Hmr,2022-12-26,-1.1023958333333332,0.52109375,NA,0.7387083333333333
SE-Hmr,2022-12-27,-5.5475625,0.5183541666666667,NA,0.4894791666666667
SE-Hmr,2022-12-28,-7.6838125,0.5159479166666666,NA,4.0668125
SE-Hmr,2022-12-29,-7.0927291666666665,0.51115625,NA,0.7642708333333333
SE-Hmr,2022-12-30,-0.7828541666666666,0.5102708333333333,NA,1.52775
SE-Hmr,2022-12-31,-0.04608333333333334,0.5113020833333333,NA,0.725125
SE-Srj,2020-04-01,-0.5460212765957447,0.10012765957446809,NA,296.1434680851064
SE-Srj,2020-04-02,-2.6187916666666666,0.1024375,NA,204.17222916666668
SE-Srj,2020-04-03,-2.8227708333333332,0.09697916666666667,NA,223.37522916666666
SE-Srj,2020-04-04,-2.8503958333333332,0.06670833333333333,NA,320.9087083333333
SE-Srj,2020-04-05,-3.167333333333333,-0.025020833333333332,NA,349.3044375
SE-Srj,2020-04-06,0.6348750000000001,-0.05454166666666667,NA,269.68097916666665
SE-Srj,2020-04-07,4.2419375,0.08647916666666666,NA,219.886
SE-Srj,2020-04-08,4.3974166666666665,0.11625,NA,256.1940625
SE-Srj,2020-04-09,1.2782916666666666,0.12677083333333333,NA,346.41560416666664
SE-Srj,2020-04-10,-0.2620208333333333,0.13104166666666667,NA,337.34439583333335
SE-Srj,2020-04-11,-0.7394791666666667,0.13285416666666666,NA,374.8180208333333
SE-Srj,2020-04-12,0.06718750000000001,0.13743750000000002,NA,154.309375
SE-Srj,2020-04-13,-1.6258333333333332,0.14281249999999998,NA,138.76529166666666
SE-Srj,2020-04-14,1.2053541666666667,0.14520833333333333,NA,355.7455
SE-Srj,2020-04-15,2.2870416666666666,0.14510416666666667,NA,361.51585416666666
SE-Srj,2020-04-16,1.9637291666666667,0.14327083333333332,NA,399.0464166666667
SE-Srj,2020-04-17,1.7797916666666667,0.1419375,NA,411.19660416666665
SE-Srj,2020-04-18,2.5877291666666666,0.14235416666666667,NA,408.74502083333334
SE-Srj,2020-04-19,5.116979166666667,0.1535625,NA,397.01079166666665
SE-Srj,2020-04-20,5.479708333333333,0.1583125,NA,370.68266666666665
SE-Srj,2020-04-21,5.705604166666666,0.15552083333333333,NA,468.5224583333333
SE-Srj,2020-04-22,3.7249791666666665,0.15579166666666666,NA,444.6256875
SE-Srj,2020-04-23,2.8065416666666665,0.15639583333333335,NA,286.013125
SE-Srj,2020-04-24,1.871125,0.15258333333333332,NA,237.38902083333332
SE-Srj,2020-04-25,1.1867916666666667,0.14297916666666666,NA,453.95560416666666
SE-Srj,2020-04-26,1.9776458333333333,0.1446875,NA,375.6882708333333
SE-Srj,2020-04-27,0.21975,0.14689583333333334,NA,258.6020833333333
SE-Srj,2020-04-28,-0.7632291666666666,0.14172916666666666,NA,311.15479166666665
SE-Srj,2020-04-29,-0.6311875,0.137,NA,405.96633333333335
SE-Srj,2020-04-30,-0.656375,0.13537500000000002,NA,383.5633125
SE-Srj,2020-05-01,0.4588333333333333,0.1355,-0.625,240.90902083333333
SE-Srj,2020-05-02,1.8129791666666668,0.14235416666666667,0.07604166666666667,143.94404166666666
SE-Srj,2020-05-03,4.8456875,0.13985416666666667,1.54375,445.91672916666664
SE-Srj,2020-05-04,3.6797291666666667,0.13758333333333334,0.6885416666666667,417.65947916666664
SE-Srj,2020-05-05,3.9179791666666666,0.13647916666666668,0.26249999999999996,475.4597708333333
SE-Srj,2020-05-06,4.528604166666667,0.13839583333333336,0.1302083333333334,435.514625
SE-Srj,2020-05-07,3.3088125,0.13864583333333336,-0.18958333333333333,469.21125
SE-Srj,2020-05-08,2.094708333333333,0.140125,-0.5114583333333333,301.4756875
SE-Srj,2020-05-09,2.6929375,0.14289583333333333,-0.49270833333333336,539.1065625
SE-Srj,2020-05-10,1.4075416666666667,0.14195833333333333,-0.7083333333333334,235.66354166666667
SE-Srj,2020-05-11,0.9157500000000001,0.1405,-1.3385416666666667,527.462625
SE-Srj,2020-05-12,0.9555416666666666,0.14110416666666667,-1.7083333333333333,439.7883541666667
SE-Srj,2020-05-13,1.6556458333333333,0.1448125,-2.0416666666666665,495.45152083333335
SE-Srj,2020-05-14,1.5961666666666667,0.1465625,-2.4229166666666666,459.3945
SE-Srj,2020-05-15,1.7685625,0.1529375,-2.790625,484.9866875
SE-Srj,2020-05-16,1.6999791666666666,0.167625,-2.8447916666666666,368.92572916666666
SE-Srj,2020-05-17,2.1241458333333334,0.18827083333333333,-2.834375,376.41291666666666
SE-Srj,2020-05-18,3.7665625,0.21797916666666667,-3.3625,453.11583333333334
SE-Srj,2020-05-19,2.2561666666666667,0.26014583333333335,-3.254166666666667,376.36225
SE-Srj,2020-05-20,4.57725,0.336875,-3.290625,444.94925
SE-Srj,2020-05-21,5.671458333333334,0.67175,-3.9229166666666666,613.9139375
SE-Srj,2020-05-22,7.628604166666666,1.6439166666666667,-4.473958333333333,630.3128125
SE-Srj,2020-05-23,8.040333333333333,3.366875,-4.830208333333333,443.12710416666664
SE-Srj,2020-05-24,6.2180625,4.7391875,-3.76875,212.96672916666665
SE-Srj,2020-05-25,10.356166666666667,6.4191875,-3.6333333333333333,595.9761666666667
SE-Srj,2020-05-26,13.5725,9.785625,-4.30625,540.3511041666667
SE-Srj,2020-05-27,10.8421875,11.610833333333334,-4.791666666666667,488.8676041666667
SE-Srj,2020-05-28,8.3533333333333335,10.127916666666668,-5.302083333333333,447.953125
SE-Srj,2020-05-29,9.642854166666666,9.2125,-5.721875,435.1539583333333
SE-Srj,2020-05-30,11.4170625,10.251666666666667,-6.215625,663.3428958333334
SE-Srj,2020-05-31,15.661791666666666,12.039375,-6.798958333333333,661.0919166666666
SE-Srj,2020-06-01,19.301041666666666,14.320833333333333,-7.409375,642.8850625
SE-Srj,2020-06-02,16.64270833333333,14.665833333333333,-7.966666666666667,461.1239166666667
SE-Srj,2020-06-03,13.641666666666666,14.476041666666667,-7.390625,429.7198333333333
SE-Srj,2020-06-04,13.675229166666666,13.584791666666666,-8.169791666666667,546.7057291666666
SE-Srj,2020-06-05,10.788770833333333,12.430833333333334,-8.611458333333333,124.65064583333333
SE-Srj,2020-06-06,11.467541666666667,12.20375,-7.548958333333333,238.05614583333335
SE-Srj,2020-06-07,10.051583333333333,11.266458333333333,-3.7916666666666665,199.07541666666665
SE-Srj,2020-06-08,10.842833333333333,11.422916666666666,-5.305208333333333,564.6240625
SE-Srj,2020-06-09,10.477520833333333,11.852083333333333,-6.178125,675.488375
SE-Srj,2020-06-10,13.279125,12.648125,-6.964583333333334,623.0845
SE-Srj,2020-06-11,15.473895833333334,13.319166666666666,-7.805208333333334,649.4896458333334
SE-Srj,2020-06-12,14.839979166666666,13.9475,-8.69375,683.8476666666667
SE-Srj,2020-06-13,17.7763125,14.495833333333334,-9.596875,684.0841458333333
SE-Srj,2020-06-14,20.383958333333332,14.924375,-10.626041666666666,675.8131875
SE-Srj,2020-06-15,19.187083333333334,15.059166666666666,-11.717708333333333,561.0289375
SE-Srj,2020-06-16,15.568958333333333,15.246458333333333,-12.534375,490.64875
SE-Srj,2020-06-17,15.755395833333333,14.693541666666667,-13.253125,602.3493958333333
SE-Srj,2020-06-18,15.606875,15.075416666666667,-11.920833333333333,454.8189375
SE-Srj,2020-06-19,16.52125,15.328125,-13.75625,647.6937083333333
SE-Srj,2020-06-20,16.47375,15.179375,-15.554166666666667,679.7557291666667
SE-Srj,2020-06-21,18.385208333333335,15.838958333333334,-17.070833333333333,678.7353958333333
SE-Srj,2020-06-22,20.676458333333333,16.365000000000002,-18.734375,677.9608958333333
SE-Srj,2020-06-23,21.614791666666665,16.647708333333334,-20.41979166666667,490.8634375
SE-Srj,2020-06-24,21.455,16.520625,-21.998958333333334,606.8386041666666
SE-Srj,2020-06-25,23.883333333333333,17.12708333333333,-23.567708333333332,611.0786875
SE-Srj,2020-06-26,21.611458333333335,17.869375,-24.080208333333335,573.2545
SE-Srj,2020-06-27,16.863958333333333,17.498541666666668,-25.722916666666666,602.7038958333334
SE-Srj,2020-06-28,15.982083333333334,16.221458333333334,-27.054166666666667,659.3160833333334
SE-Srj,2020-06-29,14.059791666666667,15.620625,-24.56875,227.83297916666666
SE-Srj,2020-06-30,15.232916666666666,15.77625,-16.339583333333334,411.036875
SE-Srj,2020-07-01,11.194625,14.555208333333333,-14.952083333333334,410.66704166666665
SE-Srj,2020-07-02,10.033208333333333,12.826875,-17.33125,550.7198541666667
SE-Srj,2020-07-03,7.9656875,12.049166666666666,-10.815625,232.37941129768367
SE-Srj,2020-07-04,7.999916666666667,11.299375,-9.484375,261.77897916666666
SE-Srj,2020-07-05,11.433541666666667,12.206666666666667,-10.269791666666666,597.8170208333333
SE-Srj,2020-07-06,9.625625,12.42,-8.3625,93.66020833333333
SE-Srj,2020-07-07,11.805208333333333,12.503333333333334,-6.958333333333333,383.49879166666665
SE-Srj,2020-07-08,11.445833333333333,13.209166666666667,-7.9625,368.2683125
SE-Srj,2020-07-09,10.16475,12.943958333333333,-5.678125,222.74952083333335
SE-Srj,2020-07-10,11.959125,12.855625,-5.485416666666667,441.75154166666664
SE-Srj,2020-07-11,11.406520833333333,13.604583333333334,-6.122916666666667,444.1371875
SE-Srj,2020-07-12,11.602291666666666,14.024583333333332,-6.464583333333334,391.1879583333333
SE-Srj,2020-07-13,10.168708333333333,13.893541666666666,-6.467708333333333,447.3082708333333
SE-Srj,2020-07-14,12.299395833333334,14.723958333333334,-7.278125,460.556375
SE-Srj,2020-07-15,11.107895833333334,14.305,-8.045833333333334,271.05216666666666
SE-Srj,2020-07-16,14.8385,14.473125,-8.616666666666667,512.625625
SE-Srj,2020-07-17,17.447916666666668,15.633541666666666,-9.425,589.7490833333334
SE-Srj,2020-07-18,17.874166666666667,16.210625,-10.151041666666666,356.71816666666666
SE-Srj,2020-07-19,17.707708333333333,16.189166666666665,-10.675,377.8213958333333
SE-Srj,2020-07-20,17.055,16.214583333333334,-11.20625,361.7009791666667
SE-Srj,2020-07-21,13.155,15.539583333333333,-11.242708333333333,178.64077083333333
SE-Srj,2020-07-22,10.565375,13.102083333333333,-11.4625,175.466875
SE-Srj,2020-07-23,9.917083333333332,11.615208333333333,-7.511458333333334,132.94110416666666
SE-Srj,2020-07-24,10.835416666666667,12.302291666666667,-6.623958333333333,218.76810416666666
SE-Srj,2020-07-25,11.682083333333333,12.902916666666666,-6.377083333333333,263.0433958333333
SE-Srj,2020-07-26,14.2288125,13.62125,-7.196875,575.5065833333333
SE-Srj,2020-07-27,14.220833333333333,14.234791666666666,-7.733333333333333,200.06897916666668
SE-Srj,2020-07-28,15.631875,15.051041666666666,-7.585416666666667,338.6138125
SE-Srj,2020-07-29,15.056666666666667,15.584583333333333,-7.208333333333333,175.67466666666667
SE-Srj,2020-07-30,13.901041666666666,15.084999999999999,-4.927083333333333,159.0801875
SE-Srj,2020-07-31,16.824375,15.610208333333333,-6.427083333333333,513.543875
SE-Srj,2020-08-01,16.6088125,15.793125,-7.380208333333333,458.8215416666667
SE-Srj,2020-08-02,14.969375,16.103125,-7.953125,306.2926875
SE-Srj,2020-08-03,13.575,15.475,-8.260416666666666,310.7790625
SE-Srj,2020-08-04,13.893958333333334,15.267916666666666,-8.548958333333333,318.0140416666667
SE-Srj,2020-08-05,13.766375,14.396041666666667,-9.23125,454.38185416666664
SE-Srj,2020-08-06,15.219166666666666,15.125833333333333,-9.773958333333333,319.22164583333335
SE-Srj,2020-08-07,19.411458333333332,16.189166666666665,-10.247916666666667,424.044875
SE-Srj,2020-08-08,20.301666666666666,16.878125,-10.929166666666667,460.6662083333333
SE-Srj,2020-08-09,15.100833333333334,15.88125,-11.953125,503.121625
SE-Srj,2020-08-10,12.8868125,14.238125,-12.9125,471.920375
SE-Srj,2020-08-11,13.3871875,14.207291666666666,-13.711458333333333,428.1203541666667
SE-Srj,2020-08-12,13.947064116632488,14.44805226162777,-13.852367294225134,321.6317487975416
SE-Srj,2020-08-13,14.92125,15.254583333333333,-13.879166666666666,252.04822916666666
SE-Srj,2020-08-14,16.2025,15.175833333333333,-14.295833333333333,311.463375
SE-Srj,2020-08-15,15.504166666666666,14.379583333333333,-15.210416666666667,369.1899375
SE-Srj,2020-08-16,13.382291666666667,13.625,-16.45520833333333,477.230875
SE-Srj,2020-08-17,11.184416666666667,12.399791666666667,-17.647916666666667,475.37470833333333
SE-Srj,2020-08-18,12.68225,12.481041666666666,-18.525,465.27675
SE-Srj,2020-08-19,17.731458333333332,14.951041666666667,-19.126041666666666,356.62533333333334
SE-Srj,2020-08-20,17.422291666666666,15.676875,-19.853125,383.3126458333333
SE-Srj,2020-08-21,17.141041666666666,15.462083333333334,-20.7625,399.30802083333333
SE-Srj,2020-08-22,17.462291666666665,15.666458333333333,-21.027083333333334,255.83583333333334
SE-Srj,2020-08-23,13.914208333333333,14.913958333333333,-19.635416666666668,250.5719375
SE-Srj,2020-08-24,9.619145833333333,12.654166666666667,-20.663541666666667,380.2200625
SE-Srj,2020-08-25,9.1506875,11.12125,-22.305208333333333,343.430125
SE-Srj,2020-08-26,8.9139375,11.126666666666667,-22.934375,310.7479375
SE-Srj,2020-08-27,7.8709375,10.182916666666667,-23.734375,362.44902083333335
SE-Srj,2020-08-28,9.030375,10.288333333333334,-24.367708333333333,269.54720833333334
SE-Srj,2020-08-29,10.155791666666667,10.929375,-24.879166666666666,278.46760416666666
SE-Srj,2020-08-30,8.963375,10.232916666666666,-24.1,267.5249166666667
SE-Srj,2020-08-31,9.908041666666666,11.190833333333334,-22.94375,295.8729583333333
SE-Srj,2020-09-01,8.3883125,9.8,-24.940625,377.047125
SE-Srj,2020-09-02,11.640812500000001,10.341041666666667,-25.780208333333334,322.89320833333335
SE-Srj,2020-09-03,11.36875,11.474583333333333,-25.717708333333334,158.10991666666666
SE-Srj,2020-09-04,13.444583333333334,12.551458333333333,-18.803125,143.6855625
SE-Srj,2020-09-05,12.265625,12.585208333333334,-12.9125,206.1180625
SE-Srj,2020-09-06,9.639354166666667,10.763541666666667,-12.355208333333334,238.14589583333333
SE-Srj,2020-09-07,10.627854166666667,10.779375,-13.233333333333334,282.4733125
SE-Srj,2020-09-08,10.896458333333333,10.944375,-12.834375,225.5556875
SE-Srj,2020-09-09,10.278604166666666,10.480625,-13.455208333333333,269.83747916666664
SE-Srj,2020-09-10,8.559,9.868125,-14.308333333333334,270.8874166666667
SE-Srj,2020-09-11,8.0174375,9.020624999999999,-15.192708333333334,292.04727083333336
SE-Srj,2020-09-12,9.796791666666667,9.842083333333333,-13.219791666666667,218.72110416666666
SE-Srj,2020-09-13,8.894895833333333,9.659791666666667,-13.879166666666666,249.31325
SE-Srj,2020-09-14,8.534458333333333,8.800625,-15.091666666666667,281.439375
SE-Srj,2020-09-15,8.269979166666667,8.3201875,-15.95625,260.230375
SE-Srj,2020-09-16,5.876541666666666,8.291604166666666,-8.008333333333333,38.641999999999996
SE-Srj,2020-09-17,6.4283125,7.832791666666666,-8.038541666666667,218.86379166666666
SE-Srj,2020-09-18,9.704833333333333,7.718625,-8.955208333333333,226.53222916666667
SE-Srj,2020-09-19,8.557666666666666,7.854604166666666,-9.597916666666666,221.002625
SE-Srj,2020-09-20,7.519666666666667,7.259229166666667,-9.925,133.32952083333333
SE-Srj,2020-09-21,9.197541666666666,7.433729166666667,-9.395833333333334,51.2411875
SE-Srj,2020-09-22,7.129791666666667,7.4826041666666665,-9.58125,184.92452083333333
SE-Srj,2020-09-23,9.572166666666666,8.021854166666667,-8.61875,157.8054375
SE-Srj,2020-09-24,7.415916666666667,8.569791666666667,-8.13125,30.7595
SE-Srj,2020-09-25,8.458,8.72875,-8.407291666666666,202.15427083333333
SE-Srj,2020-09-26,5.451791666666667,7.2403125,-7.648958333333333,52.44772916666667
SE-Srj,2020-09-27,5.329395833333334,7.0994375,-5.873958333333333,42.027875
SE-Srj,2020-09-28,8.1495625,7.839583333333334,-7.160416666666666,78.60570833333333
SE-Srj,2020-09-29,9.550541666666666,9.223333333333333,-7.6,117.58545833333334
SE-Srj,2020-09-30,9.960833333333333,9.7625,-7.75625,35.6065
SE-Srj,2020-10-01,8.540083333333333,9.715208333333333,-8.009375,56.717416666666665
SE-Srj,2020-10-02,7.9690625,9.15,-8.357291666666667,79.27958333333333
SE-Srj,2020-10-03,8.9095,9.107708333333333,-8.653125000000001,149.44458333333333
SE-Srj,2020-10-04,9.041208333333334,8.969166666666666,-8.873958333333333,34.203875
SE-Srj,2020-10-05,9.011041666666667,8.75125,-8.160416666666666,15.957708333333333
SE-Srj,2020-10-06,9.682083333333333,9.182916666666667,-6.272916666666667,21.072875
SE-Srj,2020-10-07,10.066666666666666,9.554791666666667,-3.298958333333333,21.827625
SE-Srj,2020-10-08,9.681875,9.687708333333333,-3.7239583333333335,31.110645833333333
SE-Srj,2020-10-09,8.673395833333334,9.530833333333334,-3.390625,39.84535416666667
SE-Srj,2020-10-10,7.978,8.784791666666667,-1.934375,90.40847916666667
SE-Srj,2020-10-11,6.1343958333333335,7.754375,-2.472916666666667,22.735479166666668
SE-Srj,2020-10-12,5.122875,7.037770833333333,-3.511458333333333,62.65447916666667
SE-Srj,2020-10-13,3.65125,6.567541666666667,-4.36875,64.29929166666666
SE-Srj,2020-10-14,2.8566458333333333,4.779875,-4.985416666666667,112.85927083333333
SE-Srj,2020-10-15,4.015083333333333,3.824520833333333,-5.289583333333333,59.02347916666667
SE-Srj,2020-10-16,3.1543958333333335,3.719479166666667,-5.565625,116.07997916666666
SE-Srj,2020-10-17,3.460729166666667,3.55975,-5.853125,56.113437499999996
SE-Srj,2020-10-18,-1.863375,2.9599375,-6.075,33.6589375
SE-Srj,2020-10-19,-1.7783958333333334,2.098125,-6.110416666666667,48.61054166666667
SE-Srj,2020-10-20,-4.753145833333333,1.6258541666666666,-6.335416666666666,90.92985416666667
SE-Srj,2020-10-21,-0.6453333333333333,1.5079583333333333,-6.326041666666667,36.04377083333333
SE-Srj,2020-10-22,-1.2288125,1.37625,-5.705208333333333,27.7385625
SE-Srj,2020-10-23,-2.6416666666666666,1.3569583333333333,-6.013541666666667,92.82908333333333
SE-Srj,2020-10-24,-4.418625,1.3190208333333333,-6.565625,79.1026875
SE-Srj,2020-10-25,-2.5067500000000003,1.2061041666666668,-6.033333333333333,25.824416666666668
SE-Srj,2020-10-26,5.198041666666667,0.8597083333333333,-2.6416666666666666,28.501479166666666
SE-Srj,2020-10-27,4.305166666666667,1.2326458333333332,-1.646875,29.0180625
SE-Srj,2020-10-28,5.5806458333333335,2.732666666666667,-2.0083333333333333,22.006833333333333
SE-Srj,2020-10-29,5.1601875,4.381166666666667,-2.92900323336477,27.004645833333335
SE-Srj,2020-10-30,-0.5967291666666666,3.0726458333333335,-3.331770833333333,37.531875
SE-Srj,2020-10-31,1.712375,1.4911666666666668,-2.2,15.198416666666667
SE-Srj,2020-11-01,5.8365,2.2458125,-2.167708333333333,8.599208333333333
SE-Srj,2020-11-02,8.150958333333334,5.502541666666667,0.8093750000000001,3.9778541666666665
SE-Srj,2020-11-03,3.9754583333333335,4.4005833333333335,0.7802083333333341,37.371875
SE-Srj,2020-11-04,2.335,1.7283958333333334,-0.753125,43.866166666666665
SE-Srj,2020-11-05,4.5514375,1.6355416666666667,-1.3625,37.273270833333335
SE-Srj,2020-11-06,7.235520833333333,2.2134791666666667,-2.2020833333333334,33.14029166666667
SE-Srj,2020-11-07,6.196979166666667,3.7783333333333333,-2.75625,44.27577083333333
SE-Srj,2020-11-08,0.1431875,2.4151458333333333,-3.23125,36.283208333333334
SE-Srj,2020-11-09,1.2096041666666666,1.076625,-3.6104166666666666,28.676333333333332
SE-Srj,2020-11-10,-2.4590833333333335,0.6843333333333333,-3.528125,23.901333333333334
SE-Srj,2020-11-11,0.8873125000000001,0.5415208333333333,-3.809375,20.469416666666667
SE-Srj,2020-11-12,0.8293958333333333,0.52425,-4.184375,14.209833333333334
SE-Srj,2020-11-13,2.5003125,0.522375,-3.926041666666667,10.17075
SE-Srj,2020-11-14,4.6565208333333334,0.5124791666666667,-2.6333333333333333,6.012166666666666
SE-Srj,2020-11-15,5.0086875,0.6807916666666667,-2.6239583333333334,7.192
SE-Srj,2020-11-16,5.283541666666666,1.2768541666666666,-1.9979166666666666,4.421895833333333
SE-Srj,2020-11-17,5.80275,3.2043125,-2.209375,6.3014166666666664
SE-Srj,2020-11-18,2.1882916666666667,3.3623958333333333,-2.5625,13.604854166666666
SE-Srj,2020-11-19,-2.774020833333333,1.9520208333333333,-2.363541666666667,5.8055
SE-Srj,2020-11-20,-3.3109583333333332,1.2690416666666666,-2.957291666666667,18.829104166666667
SE-Srj,2020-11-21,-1.9975208333333334,1.0613541666666666,-3.38125,4.452458333333333
SE-Srj,2020-11-22,0.9199791666666667,0.9375833333333333,-3.634375,12.067979166666667
SE-Srj,2020-11-23,0.458875,0.8686666666666667,-3.9208333333333334,14.703645833333335
SE-Srj,2020-11-24,-5.115020833333333,0.8338958333333333,-4.302083333333333,13.2995
SE-Srj,2020-11-25,0.9098958333333333,0.7633333333333333,-3.2979166666666666,4.5544375
SE-Srj,2020-11-26,-1.1208541666666667,0.6419166666666667,-2.9965862019099845,12.505875
SE-Srj,2020-11-27,-7.446375,0.5750833333333333,-3.591654401454363,14.148645833333333
SE-Srj,2020-11-28,-6.0120625,0.486,-3.675,11.0846875
SE-Srj,2020-11-29,-5.9233125,0.42054166666666665,-4.032786873357416,9.510125
SE-Srj,2020-11-30,-2.0896458333333334,0.35204166666666664,-4.165625,6.010479166666666
SE-Srj,2020-12-01,-4.775520833333333,0.3214375,NA,6.237979166666666
SE-Srj,2020-12-02,-3.3964166666666666,0.2606041666666667,NA,3.831166666666667
SE-Srj,2020-12-03,0.5002708333333333,0.266125,NA,2.2696875
SE-Srj,2020-12-04,-0.8379375,0.26356250000000003,NA,4.098708333333334
SE-Srj,2020-12-05,0.5014166666666666,0.27145833333333336,NA,2.1774583333333335
SE-Srj,2020-12-06,3.1026666666666665,0.26995833333333336,NA,1.7311458333333334
SE-Srj,2020-12-07,2.3725625,0.22833333333333333,NA,2.5680625
SE-Srj,2020-12-08,0.14027083333333334,0.2205625,NA,2.0977916666666667
SE-Srj,2020-12-09,0.04445833333333333,0.2220625,NA,2.6270416666666665
SE-Srj,2020-12-10,0.42722916666666666,0.224375,NA,2.326791666666667
SE-Srj,2020-12-11,-2.0718541666666668,0.22462500000000002,NA,2.8978125
SE-Srj,2020-12-12,-4.621854166666667,0.23,NA,1.8542083333333335
SE-Srj,2020-12-13,-1.9630416666666666,0.2365,NA,0.9146458333333334
SE-Srj,2020-12-14,-1.6318541666666666,0.24227083333333332,NA,1.1750833333333333
SE-Srj,2020-12-15,-0.811375,0.25097916666666664,NA,1.6848125
SE-Srj,2020-12-16,-3.014291666666667,0.254625,NA,2.6489583333333333
SE-Srj,2020-12-17,-3.4165833333333335,0.2618125,NA,1.408375
SE-Srj,2020-12-18,-2.2427083333333333,0.2690208333333334,NA,1.6880208333333333
SE-Srj,2020-12-19,-0.10120833333333333,0.27597916666666666,NA,1.1003333333333334
SE-Srj,2020-12-20,1.6279791666666668,0.28297916666666667,NA,2.8269583333333332
SE-Srj,2020-12-21,2.3700208333333332,0.2808541666666667,NA,3.2190833333333333
SE-Srj,2020-12-22,-0.38106249999999997,0.27216666666666667,NA,5.262833333333333
SE-Srj,2020-12-23,-0.2602083333333333,0.2756041666666667,NA,2.298395833333333
SE-Srj,2020-12-24,-2.1483333333333334,0.27295833333333336,NA,3.4854166666666666
SE-Srj,2020-12-25,-5.794219211970141,0.2639730521303663,NA,3.3570729191726074
SE-Srj,2020-12-26,-6.3589375,0.2740208333333334,NA,2.658958333333333
SE-Srj,2020-12-27,-0.6996666666666667,0.27175000000000005,NA,2.7013125000000002
SE-Srj,2020-12-28,-0.9262083333333333,0.26597916666666666,NA,1.1676666666666666
SE-Srj,2020-12-29,-1.5059166666666666,0.25575000000000003,NA,2.952166666666667
SE-Srj,2020-12-30,-2.6378541666666666,0.25597916666666665,NA,3.851166666666667
SE-Srj,2020-12-31,-5.068791666666667,0.2567291666666667,NA,4.388229166666667
SE-Srj,2021-01-01,-4.461333333333333,0.25785416666666666,NA,2.339583333333333
SE-Srj,2021-01-02,-8.423166666666667,0.25725,NA,2.7234166666666666
SE-Srj,2021-01-03,-9.310362662092096,0.24569122044415528,NA,7.915675228485119
SE-Srj,2021-01-04,-11.455359657306794,0.23047262206725366,NA,9.31520547491794
SE-Srj,2021-01-05,-16.875625,0.20560416666666667,NA,8.937
SE-Srj,2021-01-06,-10.229333333333333,0.18235416666666665,NA,2.212833333333333
SE-Srj,2021-01-07,-8.595729166666667,0.1739375,NA,1.792125
SE-Srj,2021-01-08,-8.439081209906902,0.14587439410156927,NA,2.0581766694066403
SE-Srj,2021-01-09,-4.908183903923663,0.10245499940705735,NA,2.51386343336333
SE-Srj,2021-01-10,-5.307809944341327,0.14482133518158466,NA,2.3018976769632387
SE-Srj,2021-01-11,-8.084729166666667,0.15179166666666666,NA,4.40175
SE-Srj,2021-01-12,-5.366666666666666,0.14987499999999998,NA,2.9533781145087743
SE-Srj,2021-01-13,-14.470770833333333,0.14989583333333334,NA,6.620604166666666
SE-Srj,2021-01-14,-19.51125,0.14697916666666666,NA,10.919416666666667
SE-Srj,2021-01-15,-10.973680556905826,0.13375987602233413,NA,12.598146734487356
SE-Srj,2021-01-16,-9.406492496282384,0.07616424735818711,NA,17.61279436560612
SE-Srj,2021-01-17,-16.833125,0.127,NA,21.569187499999998
SE-Srj,2021-01-18,-21.638333333333332,0.11802083333333334,NA,21.939604166666665
SE-Srj,2021-01-19,-19.309101928813224,0.09740514819039568,NA,10.53257144399458
SE-Srj,2021-01-20,-10.313541666666667,0.085,NA,5.974916666666667
SE-Srj,2021-01-21,-6.7309375000000005,0.08104166666666666,NA,5.208104166666667
SE-Srj,2021-01-22,-4.583875,0.08945833333333333,NA,5.274553943602939
SE-Srj,2021-01-23,-7.3417927132275,0.09328374181763513,NA,13.010811650474631
SE-Srj,2021-01-24,-11.57979358704512,0.07945132369606105,NA,10.095385913783387
SE-Srj,2021-01-25,-10.486458333333333,0.11258333333333334,NA,14.889354166666667
SE-Srj,2021-01-26,-11.843541666666667,0.11408333333333334,NA,16.955750000000002
SE-Srj,2021-01-27,-12.074101737965318,0.10902772222082156,NA,11.461587986282415
SE-Srj,2021-01-28,-11.346875,0.11364583333333333,NA,14.895708333333333
SE-Srj,2021-01-29,-20.796875,0.11002083333333333,NA,21.689145833333335
SE-Srj,2021-01-30,-16.777083333333334,0.10635416666666667,NA,11.027729166666667
SE-Srj,2021-01-31,-12.873958333333333,0.09910416666666667,NA,15.961145833333333
SE-Srj,2021-02-01,-13.175208333333334,0.09135416666666667,NA,19.725270833333333
SE-Srj,2021-02-02,-18.905,0.08352083333333334,NA,27.236
SE-Srj,2021-02-03,-13.055208333333333,0.07645833333333334,NA,30.866416666666666
SE-Srj,2021-02-04,-10.841895833333334,0.06695833333333334,NA,20.83395833333333
SE-Srj,2021-02-05,-8.714949106893132,0.0577303392035381,NA,17.21915491395468
SE-Srj,2021-02-06,-9.59525,0.06216666666666667,NA,17.805020833333334
SE-Srj,2021-02-07,-9.3929375,0.06347916666666667,NA,21.820083333333333
SE-Srj,2021-02-08,-9.316041666666667,0.06454166666666666,NA,18.964354166666666
SE-Srj,2021-02-09,-11.855173835606164,0.059296129584580776,NA,15.99830745189276
SE-Srj,2021-02-10,-14.998333333333333,0.059708333333333335,NA,58.42247916666667
SE-Srj,2021-02-11,-13.320416666666667,0.05447916666666667,NA,57.48822916666666
SE-Srj,2021-02-12,-5.14853509716059,0.04193503358251023,NA,32.188829656636216
SE-Srj,2021-02-13,-4.927125,0.0395625,NA,58.74152083333333
SE-Srj,2021-02-14,-10.663358210040228,0.037435336828707,NA,72.59714768902266
SE-Srj,2021-02-15,-10.427354166666667,0.042624999999999996,NA,72.777875
SE-Srj,2021-02-16,-12.866875,0.03079166666666667,NA,77.44764583333333
SE-Srj,2021-02-17,-19.64125,0.012916666666666667,NA,71.845
SE-Srj,2021-02-18,-9.24771116140965,-0.006451747692041875,NA,44.73882254522266
SE-Srj,2021-02-19,-7.233085056366425,-0.023097277779178436,NA,37.131180876902974
SE-Srj,2021-02-20,-4.576446440540082,-0.017567392387063896,NA,23.568283719532896
SE-Srj,2021-02-21,-11.4140625,0.007520833333333333,NA,19.328854166666666
SE-Srj,2021-02-22,-12.303333333333333,0.0260625,NA,41.552958333333336
SE-Srj,2021-02-23,-5.081125,0.03685416666666667,NA,48.9176875
SE-Srj,2021-02-24,-0.6575,0.043583333333333335,NA,47.50660416666667
SE-Srj,2021-02-25,3.2548605200145957,0.047367378397165205,NA,115.07934750026367
SE-Srj,2021-02-26,2.568627757661328,0.059220635325241584,NA,118.38153595678308
SE-Srj,2021-02-27,0.6444791666666667,0.07747916666666667,NA,63.06816666666667
SE-Srj,2021-02-28,4.766019372424065,0.08132298251472765,NA,94.5427180508775
SE-Srj,2021-03-01,3.6975416666666665,0.09004166666666666,NA,122.98095833333333
SE-Srj,2021-03-02,1.643262549913448,0.09162097202440465,NA,137.19267226856658
SE-Srj,2021-03-03,-0.33116666666666666,0.1030625,NA,131.34689583333335
SE-Srj,2021-03-04,-4.624273341997267,0.1005047208369891,NA,147.78960177263235
SE-Srj,2021-03-05,-7.139583333333333,0.10602083333333333,NA,153.45725000000002
SE-Srj,2021-03-06,-3.1495625,0.09991666666666667,NA,103.76889583333333
SE-Srj,2021-03-07,-5.067,0.08572916666666666,NA,94.76754166666666
SE-Srj,2021-03-08,-7.435229166666667,0.07866666666666666,NA,117.94216666666667
SE-Srj,2021-03-09,-9.654146529761082,0.06192498113089519,NA,158.0974730490691
SE-Srj,2021-03-10,-14.145176630606848,0.047999262405447315,NA,176.94180758190325
SE-Srj,2021-03-11,-6.177324659124964,0.02174038249070371,NA,40.53292363191179
SE-Srj,2021-03-12,-4.430125,0.011,NA,100.04304166666667
SE-Srj,2021-03-13,-3.2898125,0.021354166666666667,NA,76.4945
SE-Srj,2021-03-14,-2.4184815049064103,0.03611373944280402,NA,115.29827445709252
SE-Srj,2021-03-15,-0.9774791666666667,0.058208333333333334,NA,126.39654166666666
SE-Srj,2021-03-16,-3.131125,0.07270833333333333,NA,206.33579166666667
SE-Srj,2021-03-17,-3.410125,0.079375,NA,185.90522916666666
SE-Srj,2021-03-18,-6.4442916666666665,0.07641666666666666,NA,226.74791666666667
SE-Srj,2021-03-19,-8.044768174542842,0.06236044906176136,NA,182.08981922730712
SE-Srj,2021-03-20,2.442003969124983,0.043735145815564605,NA,84.34844381174732
SE-Srj,2021-03-21,-1.3371458333333333,0.05427083333333333,NA,245.48560416666666
SE-Srj,2021-03-22,-1.0685833333333332,0.07483333333333334,NA,173.35589583333334
SE-Srj,2021-03-23,5.306291666666667,0.08295833333333333,NA,195.79054166666666
SE-Srj,2021-03-24,4.574706292200653,0.08846712806700237,NA,209.70261032403894
SE-Srj,2021-03-25,2.359422015205159,0.10919252408318586,NA,259.6493146827091
SE-Srj,2021-03-26,0.965875,0.11775000000000001,NA,279.232625
SE-Srj,2021-03-27,1.802577892060251,0.12015808999811982,NA,172.08360703887408
SE-Srj,2021-03-28,1.1406546987867185,0.11937924116151143,NA,71.74255690188654
SE-Srj,2021-03-29,1.1101041666666667,0.132,NA,104.86383333333333
SE-Srj,2021-03-30,3.9224791666666667,0.13404166666666667,NA,241.15868749999998
SE-Srj,2021-03-31,2.984020833333333,0.13675,NA,286.76345833333335
SE-Srj,2021-04-01,1.9632708333333333,0.139875,NA,244.24031250000002
SE-Srj,2021-04-02,1.3864791666666667,0.14077083333333335,NA,239.212
SE-Srj,2021-04-03,0.9264375,0.1418125,NA,211.23945833333332
SE-Srj,2021-04-04,3.840625,0.14370833333333333,NA,153.72983333333335
SE-Srj,2021-04-05,0.13029166666666667,0.14264583333333333,NA,295.888625
SE-Srj,2021-04-06,-0.208625,0.14110416666666667,NA,251.98535416666667
SE-Srj,2021-04-07,0.29852083333333335,0.13518750000000002,NA,325.846875
SE-Srj,2021-04-08,-2.2510833333333333,0.13370833333333335,NA,349.68620833333335
SE-Srj,2021-04-09,-1.2007291666666666,0.13989583333333333,NA,136.82985416666668
SE-Srj,2021-04-10,-1.7913125,0.14054166666666668,NA,369.41275
SE-Srj,2021-04-11,0.542625,0.13675,NA,394.32602083333336
SE-Srj,2021-04-12,-1.6758333333333333,0.13827083333333334,NA,104.53608333333334
SE-Srj,2021-04-13,-1.339625,0.1401875,NA,162.13075
SE-Srj,2021-04-14,-0.6871041666666666,0.13804166666666667,NA,354.2135625
SE-Srj,2021-04-15,2.282395833333333,0.13643750000000002,NA,413.486875
SE-Srj,2021-04-16,3.0878125,0.1375,NA,430.2150833333333
SE-Srj,2021-04-17,4.241125,0.13735416666666667,NA,435.3597916666667
SE-Srj,2021-04-18,5.786520833333333,0.139375,NA,440.15520833333335
SE-Srj,2021-04-19,5.9361041666666665,0.13952083333333334,NA,409.1955625
SE-Srj,2021-04-20,6.3160625,0.13893750000000002,NA,441.37210416666665
SE-Srj,2021-04-21,3.9893125,0.14229166666666665,NA,322.6658958333333
SE-Srj,2021-04-22,1.4236422043012675,0.1323946613904247,NA,388.02322041487497
SE-Srj,2021-04-23,-0.12608205429295075,0.1258355424257109,NA,168.26882826732935
SE-Srj,2021-04-24,-0.5997916666666666,0.138,NA,276.31491666666665
SE-Srj,2021-04-25,-0.28039583333333334,0.13720833333333335,NA,286.98589583333336
SE-Srj,2021-04-26,0.8896041666666666,0.1380625,NA,479.28739583333333
SE-Srj,2021-04-27,0.49323190857804594,0.1364458597913503,NA,356.5827936655703
SE-Srj,2021-04-28,-0.6204939287405946,0.1364669963708804,NA,373.31680293123753
SE-Srj,2021-04-29,0.9645833333333333,0.13902083333333334,NA,411.0126875
SE-Srj,2021-04-30,1.079256387590358,0.13114271509632827,NA,418.2837959043309
SE-Srj,2021-05-01,-0.161125,0.13568750000000002,0.3475657226907795,417.15331249999997
SE-Srj,2021-05-02,0.784375,0.136375,0.46836589149113417,426.6151458333333
SE-Srj,2021-05-03,1.2907999884406691,0.13162521747115938,0.7397319820337807,381.98199356651395
SE-Srj,2021-05-04,1.8803291071521315,0.1301038229725543,0.9302475568453923,433.5987493763256
SE-Srj,2021-05-05,1.0375,0.13425,0.7560899299065242,444.29041666666666
SE-Srj,2021-05-06,-0.13180872768202673,0.12953378714475688,0.5730121531448339,324.1050354436544
SE-Srj,2021-05-07,0.24144001557955874,0.1158446900179418,1.117537878533056,411.65841629857385
SE-Srj,2021-05-08,1.8551250000000001,0.13472916666666668,0.711341056746258,477.4235208333333
SE-Srj,2021-05-09,4.221166666666667,0.13418750000000002,1.289807039333545,512.6229375
SE-Srj,2021-05-10,3.74925,0.14275,2.0804990532995022,138.00422916666668
SE-Srj,2021-05-11,8.027708333333333,0.144625,2.5109869275698578,310.8739791666667
SE-Srj,2021-05-12,11.3994375,0.1444375,2.3967758588858885,481.6289791666667
SE-Srj,2021-05-13,15.216312499999999,0.18270833333333333,2.1837282884561713,564.5739791666666
SE-Srj,2021-05-14,8.242291666666667,0.4423958333333333,2.174942821634326,233.27939583333333
SE-Srj,2021-05-15,6.794479166666667,1.40675,1.8960042500407772,240.23291666666665
SE-Srj,2021-05-16,8.6445625,4.270083333333333,1.6917421464329052,333.2471875
SE-Srj,2021-05-17,7.9388125,8.2554375,1.812542315233263,243.57852083333333
SE-Srj,2021-05-18,8.585104166666667,10.503333333333334,2.012411685430212,377.61533333333335
SE-Srj,2021-05-19,9.387354166666666,10.460625,1.6016911115090047,314.14529166666665
SE-Srj,2021-05-20,11.207458333333333,10.158125,1.1162940696021257,582.2077291666667
SE-Srj,2021-05-21,6.088229166666666,11.09375,0.9032464991724114,242.11352083333333
SE-Srj,2021-05-22,1.4846041666666667,7.7876666666666665,1.5467819438724817,190.45589583333333
SE-Srj,2021-05-23,1.5275946742842574,6.245479319052823,1.6461909742522662,218.38905616610106
SE-Srj,2021-05-24,5.7555625,6.904583333333333,1.0987231359584388,346.96785416666665
SE-Srj,2021-05-25,9.136125,9.221041666666666,0.2784353817208262,503.98041666666666
SE-Srj,2021-05-26,8.097770833333334,10.327916666666667,-0.46728632503525197,607.2879791666667
SE-Srj,2021-05-27,7.4044375,10.144375,-1.4745323994908957,636.1635208333333
SE-Srj,2021-05-28,9.530520833333334,10.005625,-2.5121037278194427,644.2293125
SE-Srj,2021-05-29,8.448774195527786,9.906097791947289,-3.3732702341656697,612.3449731588663
SE-Srj,2021-05-30,13.777104166666666,10.318541666666667,-4.1837295484807795,623.5514375
SE-Srj,2021-05-31,13.137604166666666,11.187708333333333,-5.143351040961721,601.6975625
SE-Srj,2021-06-01,14.022125,11.629791666666666,-5.735421584111263,618.5770833333333
SE-Srj,2021-06-02,16.410041666666668,12.37875,-6.345833333333331,654.7232083333333
SE-Srj,2021-06-03,17.648166666666665,12.546666666666667,-7.251041666666657,654.6138125
SE-Srj,2021-06-04,18.353958333333335,12.925833333333333,-8.295833333333324,646.7899166666666
SE-Srj,2021-06-05,17.493958333333335,13.000208333333333,-9.183333333333323,454.3342083333333
SE-Srj,2021-06-06,17.304375,13.536666666666667,-9.677083333333327,528.01725
SE-Srj,2021-06-07,14.367291666666667,13.53,-9.492708333333326,333.5093125
SE-Srj,2021-06-08,15.653208333333334,13.265625,-10.734888584754673,611.6716458333333
SE-Srj,2021-06-09,15.958472719660811,14.36832776239561,-7.939806790848483,477.68231640846204
SE-Srj,2021-06-10,17.219583333333333,14.569166666666666,-3.769596883541747,641.2164375
SE-Srj,2021-06-11,17.320416666666667,14.581041666666668,-5.559375,616.6211041666667
SE-Srj,2021-06-12,12.91375,13.898333333333333,-2.9186265823292112,212.07152083333332
SE-Srj,2021-06-13,11.346416666666666,12.335416666666667,-2.8219062836193354,549.4185208333333
SE-Srj,2021-06-14,11.587916666666667,12.189166666666667,-3.357291666666667,321.6311875
SE-Srj,2021-06-15,11.239625,12.304791666666667,0.10789850144530164,493.97833333333335
SE-Srj,2021-06-16,8.666104166666667,11.534583333333334,-1.8080239307530859,459.20927083333333
SE-Srj,2021-06-17,13.588875,12.188541666666667,-4.027083333333332,537.5088125
SE-Srj,2021-06-18,13.06125,13.671875,-4.1552083333333325,199.53064583333332
SE-Srj,2021-06-19,10.529416666666666,13.217916666666667,-4.408347167936966,276.96229166666666
SE-Srj,2021-06-20,10.513604166666667,12.613958333333333,-2.679512503285909,193.94964583333334
SE-Srj,2021-06-21,13.630185717901897,13.115282059677988,-3.055848561994837,216.90875104473412
SE-Srj,2021-06-22,13.405724708952727,14.159519914213556,-2.995158404016732,217.43971255316174
SE-Srj,2021-06-23,14.403125,14.513333333333334,-1.991021926563279,435.43675
SE-Srj,2021-06-24,17.47678373277763,16.007734759663602,-2.9670950509432936,551.5894102354707
SE-Srj,2021-06-25,17.644220462469782,17.362034315334046,-5.5569753336057754,556.6386819657723
SE-Srj,2021-06-26,15.221125832010367,17.28124567577934,-6.401996077728938,508.82653660004985
SE-Srj,2021-06-27,13.866981447735737,16.435410891664237,-7.300916770087089,453.0340152001653
SE-Srj,2021-06-28,15.05028851333392,15.465040228826455,-7.507858897596435,683.0799929654947
SE-Srj,2021-06-29,14.358001846360693,15.399584275969175,-8.838862227211216,505.9059265519279
SE-Srj,2021-06-30,13.799261596126916,15.07199487965849,-9.125949551940609,472.2929408296211
SE-Srj,2021-07-01,16.146041666666665,15.178125,-8.959009652652448,691.1594583333333
SE-Srj,2021-07-02,21.39943756875946,16.214290571676084,-10.226359179058864,682.4453885119825
SE-Srj,2021-07-03,23.627748767304546,17.29874291986384,-11.83196789481914,657.6522091328662
SE-Srj,2021-07-04,22.109850209679045,17.770050872094096,-13.120150113314244,656.4128056375079
SE-Srj,2021-07-05,21.09208333333333,17.637291666666666,-15.178550518213006,654.9448125
SE-Srj,2021-07-06,20.317999124514095,17.44936849547483,-15.081223538520563,428.0758933909553
SE-Srj,2021-07-07,19.30567987993247,17.863564920098412,-15.145819032776796,422.83402553644993
SE-Srj,2021-07-08,19.974180298736524,17.518809430157205,-16.796930077953157,620.6100099792736
SE-Srj,2021-07-09,19.354057851513495,17.292670030983288,-20.973558395668864,605.9135350085825
SE-Srj,2021-07-10,18.28708333333333,17.054583333333333,-22.24797668532014,343.282875
SE-Srj,2021-07-11,17.902875987243185,17.141534879321803,-12.706601887731077,295.9440538382858
SE-Srj,2021-07-12,19.068436067733284,17.250575021073303,-14.608593476185037,560.1261263021638
SE-Srj,2021-07-13,19.975739468950824,17.8007721311012,-17.68988396014067,610.9949577090993
SE-Srj,2021-07-14,20.256041666666665,18.145,-20.38613597686108,392.59889583333336
SE-Srj,2021-07-15,18.088124999999998,17.913333333333334,-20.401510543799304,282.59535416666665
SE-Srj,2021-07-16,14.974166666666667,15.538125,-22.701106484416968,490.77004166666666
SE-Srj,2021-07-17,16.734583333333333,15.516458333333333,-24.133137576377543,437.41027083333336
SE-Srj,2021-07-18,12.907291666666666,15.119375,-12.439079243570912,476.4301875
SE-Srj,2021-07-19,12.609791666666666,13.944583333333334,-13.380981345190797,444.4149375
SE-Srj,2021-07-20,12.284583333333334,13.32375,-15.701230765704185,506.8545833333333
SE-Srj,2021-07-21,12.121833333333333,12.768541666666666,-18.07276410695331,522.0022083333333
SE-Srj,2021-07-22,13.39875,12.880416666666667,-20.08523373821292,309.0461041666667
SE-Srj,2021-07-23,13.124354166666667,12.632083333333334,-22.222298542626458,558.812875
SE-Srj,2021-07-24,15.13867869642919,13.347466683633352,-23.50820373809285,495.84810737287467
SE-Srj,2021-07-25,19.41863862056411,14.797496817073625,-21.733242077302066,521.46862486906
SE-Srj,2021-07-26,19.483379421057638,16.159213413688274,-26.168970408628024,421.4760789725131
SE-Srj,2021-07-27,19.451666666666668,16.196875,-26.244875747694042,562.5375625
SE-Srj,2021-07-28,20.10578080586162,16.566104024647743,-22.386815852136667,536.1223738012582
SE-Srj,2021-07-29,19.472125940600243,16.259262753570614,-27.39170782388546,518.0088043824238
SE-Srj,2021-07-30,13.948075281378065,15.42567363180356,-15.161845886737156,81.76855965492551
SE-Srj,2021-07-31,14.672656160339208,15.201693893921808,-6.284926049123471,295.3319443526779
SE-Srj,2021-08-01,12.88240593950509,15.1866809041425,-9.991423243423574,395.1213746411532
SE-Srj,2021-08-02,10.465145833333333,13.37375,-12.072781948531487,543.1966666666667
SE-Srj,2021-08-03,11.731876984187773,13.049238167370227,-13.952884640030858,521.7291139630166
SE-Srj,2021-08-04,12.115625,12.672916666666667,-15.592535996050653,506.8408333333333
SE-Srj,2021-08-05,13.464949089712489,13.105703472169932,-14.09774398348062,493.4229723527471
SE-Srj,2021-08-06,14.6867281663919,13.651795330876396,-18.36987151352175,529.6635609430706
SE-Srj,2021-08-07,15.096292803685648,13.55298342154495,-20.496056141083994,510.42156874541075
SE-Srj,2021-08-08,13.827083333333333,13.558541666666667,-19.136403321453706,87.38785416666667
SE-Srj,2021-08-09,14.411875,14.004375,-11.70170202346824,79.12914583333334
SE-Srj,2021-08-10,15.611041666666667,14.671041666666667,-8.074649155070304,316.7324791666667
SE-Srj,2021-08-11,16.101875,15.320208333333333,-7.5304056621816,427.44475
SE-Srj,2021-08-12,14.771916666666668,14.817916666666667,-9.580562995252363,493.5205625
SE-Srj,2021-08-13,15.460757609506919,14.76743019436818,-9.728156142921648,384.3842507404571
SE-Srj,2021-08-14,14.150384336313302,15.173446341247013,-7.347727262789017,152.04044530397252
SE-Srj,2021-08-15,12.897083333333333,14.986666666666666,-7.22550667773877,305.7039375
SE-Srj,2021-08-16,11.7575,14.72375,-7.095921042116571,131.31147916666666
SE-Srj,2021-08-17,11.743125,14.07625,-8.145784327326933,337.98977083333335
SE-Srj,2021-08-18,13.2505043192054,14.373094716095318,-3.347842377639236,178.91753129681297
SE-Srj,2021-08-19,11.986875,14.64375,-2.8234869626170647,176.52972916666667
SE-Srj,2021-08-20,12.706458333333334,14.186041666666666,-2.4516227940898534,268.4864166666667
SE-Srj,2021-08-21,10.662083333333333,13.592916666666667,-3.0197916666666598,227.6884375
SE-Srj,2021-08-22,10.4156875,12.709583333333333,-3.9663935909877526,254.24416666666667
SE-Srj,2021-08-23,7.246104166666667,11.627083333333333,-4.790994082137347,290.18075
SE-Srj,2021-08-24,7.8908125,10.4125,-5.1622044603250234,303.3141875
SE-Srj,2021-08-25,9.0326875,10.853958333333333,-1.9791666666666572,66.36047916666666
SE-Srj,2021-08-26,8.163125,10.415208333333334,-2.5802083333333266,134.731375
SE-Srj,2021-08-27,10.052604166666667,10.583125,-3.584653027416548,327.7948333333333
SE-Srj,2021-08-28,10.279895833333333,10.795833333333333,-4.628502524364685,391.53883333333334
SE-Srj,2021-08-29,11.71875,11.363541666666666,-5.38260020927976,378.3140833333333
SE-Srj,2021-08-30,11.355875,11.715,-5.9578622855277485,367.531
SE-Srj,2021-08-31,11.56075,11.561458333333333,-6.313654226323501,304.6660416666667
SE-Srj,2021-09-01,8.711225294246775,10.515315103924971,-6.565679979682157,268.59226688759884
SE-Srj,2021-09-02,6.961916666666666,9.721041666666666,-6.193599550083384,135.05247916666667
SE-Srj,2021-09-03,6.9392773997159285,9.04846907748444,-6.126844828316823,306.4382100992355
SE-Srj,2021-09-04,5.5695625,8.537916666666666,-6.764332881223686,289.34985416666666
SE-Srj,2021-09-05,6.742791666666666,8.36175,-7.252617811389243,205.35904166666666
SE-Srj,2021-09-06,9.97575,8.901458333333334,-7.652284786896799,278.0456041666667
SE-Srj,2021-09-07,12.034583333333334,9.795833333333333,-7.5567029074267085,105.71779166666667
SE-Srj,2021-09-08,14.092708333333333,10.836666666666666,-7.692209176325949,256.96960416666667
SE-Srj,2021-09-09,8.126666666666667,10.231666666666667,-8.05507500464827,188.11375
SE-Srj,2021-09-10,6.9984166666666665,8.792395833333334,-7.971907073268765,249.22170833333334
SE-Srj,2021-09-11,8.5990625,9.664166666666667,-5.773958333333333,74.17660416666666
SE-Srj,2021-09-12,9.324375,10.068541666666667,-5.242708333333331,42.39360416666667
SE-Srj,2021-09-13,7.036854166666667,9.1675,-5.760416666666667,270.59475
SE-Srj,2021-09-14,5.830834604453124,7.634853827948893,-6.755127672956629,285.1751721108051
SE-Srj,2021-09-15,3.1076041666666665,7.237229166666666,-7.141666666666667,162.47066666666666
SE-Srj,2021-09-16,4.964875,7.273208333333334,-7.265625,132.2885
SE-Srj,2021-09-17,4.55975,7.558041666666667,-7.283333333333333,118.27275
SE-Srj,2021-09-18,4.880041666666667,7.318791666666667,-7.458333333333337,66.27833333333334
SE-Srj,2021-09-19,6.1954375,7.3364375,-7.74375000000001,137.30589583333332
SE-Srj,2021-09-20,4.295791666666666,7.446166666666667,-7.490625000000004,113.21141666666666
SE-Srj,2021-09-21,4.29575,7.0765,-6.926041666666666,77.8131875
SE-Srj,2021-09-22,7.382145833333333,7.362166666666667,-5.845833333333333,51.1015625
SE-Srj,2021-09-23,7.96775,8.118520833333333,-2.176041666666657,31.9950625
SE-Srj,2021-09-24,5.881583333333333,7.632291666666667,-0.7083333333333224,37.16025
SE-Srj,2021-09-25,5.42125,6.657520833333334,-1.155208333333323,111.50552083333334
SE-Srj,2021-09-26,7.61,6.0976875,-2.15312499999999,189.48652083333334
SE-Srj,2021-09-27,8.906645833333334,7.262,-3.0302083333333156,185.33341666666666
SE-Srj,2021-09-28,7.888704032098304,7.617101188285266,-3.7454362561099956,72.62827374108544
SE-Srj,2021-09-29,6.9796458333333335,7.835229166666667,-4.455208333333327,50.58925
SE-Srj,2021-09-30,6.6649375,7.585854166666667,-5.1322916666666725,44.182520833333335
SE-Srj,2021-10-01,7.336604166666667,7.2793125,-4.472916666666664,26.625041666666668
SE-Srj,2021-10-02,9.205208333333333,8.003625,-3.9510416666666566,26.012604166666666
SE-Srj,2021-10-03,8.254333333333333,8.041083333333333,-4.760416666666665,20.274604166666666
SE-Srj,2021-10-04,9.769583333333333,8.496875,-3.222916666666659,30.795166666666667
SE-Srj,2021-10-05,9.23875,8.92875,-3.9072916666666564,71.98995833333333
SE-Srj,2021-10-06,8.5816875,8.755,-2.268749999999993,12.2843125
SE-Srj,2021-10-07,8.857770833333333,8.736041666666667,-1.3218749999999995,91.17720833333334
SE-Srj,2021-10-08,5.723041666666667,6.9429791666666665,-1.9635416666666607,52.729625
SE-Srj,2021-10-09,10.131875,6.762083333333333,-2.8260416666666597,131.75547916666667
SE-Srj,2021-10-10,9.731875,8.481395833333334,-3.5489583333333234,43.8783125
SE-Srj,2021-10-11,5.910166666666667,8.317291666666666,-3.7479166666666566,102.69935416666667
SE-Srj,2021-10-12,3.86975,6.185854166666667,-4.31874999999999,116.21891666666667
SE-Srj,2021-10-13,-0.1309375,4.2529375,-4.711458333333332,121.67160416666667
SE-Srj,2021-10-14,2.9406666666666665,2.8763541666666668,-4.506249999999994,24.99727083333333
SE-Srj,2021-10-15,3.1370416666666667,3.1059791666666667,-3.0302083333333285,16.746645833333332
SE-Srj,2021-10-16,0.6757083333333334,2.7840208333333334,-2.8520833333333235,66.99647916666667
SE-Srj,2021-10-17,0.6942291666666667,2.1844166666666665,-3.157291666666657,86.54466666666667
SE-Srj,2021-10-18,-0.03154166666666665,1.8610625,-3.49062499999999,100.79241666666667
SE-Srj,2021-10-19,-3.2359375,1.6949166666666666,-4.1166666666666565,68.90079166666666
SE-Srj,2021-10-20,2.7575625,1.3546875,-1.9020833333333267,28.4745625
SE-Srj,2021-10-21,-1.020125,1.0976041666666667,-1.2239583333333326,34.199333333333335
SE-Srj,2021-10-22,-1.9626041666666667,1.0292083333333333,-1.7739583333333282,34.542833333333334
SE-Srj,2021-10-23,-5.823708333333333,0.9376875,-2.546874999999996,90.96185416666667
SE-Srj,2021-10-24,-2.456770833333333,0.9245208333333333,-3.14999999999999,35.616458333333334
SE-Srj,2021-10-25,0.6076875,0.9207083333333334,-2.765624999999993,71.39922916666667
SE-Srj,2021-10-26,1.0492916666666667,0.9278333333333334,-3.3458333333333234,44.468875
SE-Srj,2021-10-27,0.595125,0.9306041666666667,-2.771874999999994,22.9075625
SE-Srj,2021-10-28,2.0113958333333333,0.9157708333333334,-2.4166666666666665,29.798458333333333
SE-Srj,2021-10-29,3.4338333333333333,0.9935208333333333,-2.0885416666666616,35.353791666666666
SE-Srj,2021-10-30,4.640541666666667,1.3622916666666667,-1.215624999999998,20.000645833333333
SE-Srj,2021-10-31,2.924958333333333,1.9746458333333334,-1.101041666666664,16.719229166666665
SE-Srj,2021-11-01,4.5215625,2.950458333333333,-1.1739583333333314,14.150104166666667
SE-Srj,2021-11-02,6.5244583333333335,4.583020833333333,-1.6614583333333275,7.772958333333333
SE-Srj,2021-11-03,4.870479166666667,5.129666666666667,-2.0572916666666643,6.5757916666666665
SE-Srj,2021-11-04,3.4342083333333333,4.702979166666666,-1.608333333333329,10.784166666666666
SE-Srj,2021-11-05,1.4993958333333333,3.8545,-1.9541666666666622,29.445708333333332
SE-Srj,2021-11-06,0.002770833333333325,2.439625,-2.4697916666666644,41.52458333333333
SE-Srj,2021-11-07,-2.8928541666666665,1.3366041666666666,-2.8791666666666567,26.207895833333332
SE-Srj,2021-11-08,-7.712645833333333,0.8550208333333333,-2.1124999999999963,37.793416666666666
SE-Srj,2021-11-09,-3.4600625,0.5280625,-1.3083333333333325,11.6325
SE-Srj,2021-11-10,0.19558333333333333,0.43216666666666664,-1.1843749999999917,42.0086875
SE-Srj,2021-11-11,0.7076041666666667,0.40289583333333334,-1.372916666666666,23.995395833333333
SE-Srj,2021-11-12,0.6048125,0.3924166666666667,-1.5208333333333246,27.743645833333332
SE-Srj,2021-11-13,-5.217875,0.3454583333333333,-1.0885416666666616,30.218916666666665
SE-Srj,2021-11-14,-7.490854166666667,0.243125,-0.21249999999999544,33.28854166666667
SE-Srj,2021-11-15,-1.2138125,0.18325,0.5354166666666718,21.294375
SE-Srj,2021-11-16,0.7507291666666667,0.19389583333333335,1.0927083333333425,17.8905
SE-Srj,2021-11-17,2.1044583333333335,0.1996666666666667,1.7666666666666766,8.75625
SE-Srj,2021-11-18,-0.11164583333333332,0.19127083333333333,2.1947916666666765,21.119666666666667
SE-Srj,2021-11-19,-1.01075,0.17200000000000001,3.848958333333331,11.491229166666667
SE-Srj,2021-11-20,-0.37177083333333333,0.16918750000000002,4.911458333333322,16.513666666666666
SE-Srj,2021-11-21,-5.0726458333333335,0.1310625,6.314583333333326,15.936125
SE-Srj,2021-11-22,-7.069354166666667,0.0415625,8.141666666666685,8.3526875
SE-Srj,2021-11-23,-3.6830208333333334,-0.021520833333333333,9.00000000000003,7.862208333333333
SE-Srj,2021-11-24,-3.811541666666667,0.021062499999999998,8.865625000000017,10.622
SE-Srj,2021-11-25,-6.369208333333333,0.058750000000000004,9.439583333333363,8.624895833333333
SE-Srj,2021-11-26,-17.196875,0.07897916666666667,8.683333333333355,14.312125
SE-Srj,2021-11-27,-18.006875,0.044208333333333336,7.905208333333333,3.8822916666666667
SE-Srj,2021-11-28,-13.582291666666666,0.06704166666666667,7.648958333333333,3.138333333333333
SE-Srj,2021-11-29,-12.597083333333334,0.057895833333333334,7.6302083333333295,5.788958333333333
SE-Srj,2021-11-30,-16.24375,0.0069791666666666665,8.509375000000027,7.109895833333333
SE-Srj,2021-12-01,-19.240625,-0.016458333333333332,NA,10.369854166666666
SE-Srj,2021-12-02,-17.057708333333334,-0.0395625,NA,4.103770833333334
SE-Srj,2021-12-03,-8.594166666666666,0.0125,NA,1.7232291666666666
SE-Srj,2021-12-04,-13.389229166666667,0.03814583333333334,NA,8.008708333333333
SE-Srj,2021-12-05,-16.804791666666667,-0.008979166666666667,NA,4.6899375
SE-Srj,2021-12-06,-20.292291666666667,-0.036104166666666666,NA,2.8420833333333335
SE-Srj,2021-12-07,-15.405,-0.002979166666666667,NA,2.5273958333333333
SE-Srj,2021-12-08,-14.681458333333333,0.0020833333333333333,NA,1.7964166666666668
SE-Srj,2021-12-09,-6.37225,0.0165,NA,1.0667916666666668
SE-Srj,2021-12-10,-5.886604166666666,0.05695833333333333,NA,1.1234583333333334
SE-Srj,2021-12-11,-3.9839375,0.07158333333333333,NA,0.9053333333333333
SE-Srj,2021-12-12,-2.2173541666666665,0.08637500000000001,NA,1.1644166666666667
SE-Srj,2021-12-13,-4.17675,0.09958333333333333,NA,2.2369583333333334
SE-Srj,2021-12-14,-4.014916666666666,0.09533333333333334,NA,3.391375
SE-Srj,2021-12-15,-2.4381875,0.1164375,NA,3.7347083333333333
SE-Srj,2021-12-16,0.3573125,0.1308125,NA,8.1210625
SE-Srj,2021-12-17,1.0369583333333334,0.13470833333333335,NA,6.1303125000000005
SE-Srj,2021-12-18,2.245125,0.14366666666666666,NA,5.4547083333333335
SE-Srj,2021-12-19,-1.5366875,0.1353125,NA,3.1331041666666666
SE-Srj,2021-12-20,-10.1859375,0.1326875,NA,5.870729166666667
SE-Srj,2021-12-21,-15.561041666666666,0.12954166666666667,NA,6.78025
SE-Srj,2021-12-22,-17.530625,0.1294375,NA,5.188395833333333
SE-Srj,2021-12-23,-9.858354166666667,0.133125,NA,3.7178958333333334
SE-Srj,2021-12-24,-11.193958333333333,0.131,NA,5.476479166666667
SE-Srj,2021-12-25,-9.820625,0.1301875,NA,5.8527708333333335
SE-Srj,2021-12-26,-13.887500000000001,0.10652083333333333,NA,5.700208333333333
SE-Srj,2021-12-27,-20.040625,-0.029166666666666667,NA,6.124333333333333
SE-Srj,2021-12-28,-6.422354166666667,-0.11997916666666666,NA,3.8764374999999998
SE-Srj,2021-12-29,-4.658708333333333,0.014499999999999999,NA,2.6320208333333333
SE-Srj,2021-12-30,-4.471729166666667,0.017479166666666667,NA,2.733458333333333
SE-Srj,2021-12-31,-9.6725,0.018333333333333333,NA,4.0341249999999995
SE-Srj,2022-01-01,-14.15125,-0.08279166666666667,NA,4.6236875
SE-Srj,2022-01-02,-5.867354166666667,-0.103125,NA,2.0420416666666665
SE-Srj,2022-01-03,-5.4618125,0.019958333333333335,NA,2.577958333333333
SE-Srj,2022-01-04,-6.178416666666667,0.0488125,NA,2.711145833333333
SE-Srj,2022-01-05,-10.196458333333334,0.04620833333333333,NA,2.87725
SE-Srj,2022-01-06,-10.334583333333333,0.0045625,NA,6.880541666666667
SE-Srj,2022-01-07,-15.963541666666666,-0.043854166666666666,NA,7.302979166666667
SE-Srj,2022-01-08,-18.177083333333332,-0.14822916666666666,NA,3.887916666666667
SE-Srj,2022-01-09,-16.765833333333333,-0.11704166666666667,NA,4.364520833333334
SE-Srj,2022-01-10,-12.850791666666666,-0.161625,NA,4.844875
SE-Srj,2022-01-11,-3.0758125,-0.06558333333333334,NA,2.582479166666667
SE-Srj,2022-01-12,-0.8854375,0.030291666666666668,NA,7.444770833333333
SE-Srj,2022-01-13,1.222875,0.07097916666666666,NA,7.499041666666667
SE-Srj,2022-01-14,-0.4303125,0.1023125,NA,10.331666666666667
SE-Srj,2022-01-15,-2.1601666666666666,0.0996875,NA,9.974333333333334
SE-Srj,2022-01-16,-0.16404166666666667,0.09802083333333333,NA,4.847625
SE-Srj,2022-01-17,-4.413666666666667,0.08179166666666667,NA,12.089041666666667
SE-Srj,2022-01-18,-1.9182291666666667,0.0381875,NA,8.200333333333333
SE-Srj,2022-01-19,3.230166666666667,0.07247916666666666,NA,11.039
SE-Srj,2022-01-20,-4.04375,0.08333333333333333,NA,15.950875
SE-Srj,2022-01-21,-8.119583333333333,0.006333333333333333,NA,17.279229166666667
SE-Srj,2022-01-22,-7.5514375000000005,-0.10491666666666667,NA,9.862083333333333
SE-Srj,2022-01-23,3.916541666666667,-0.008958333333333334,NA,18.9415
SE-Srj,2022-01-24,2.480875,0.0733125,NA,18.556604166666666
SE-Srj,2022-01-25,-4.1404375,0.03841666666666667,NA,22.306333333333335
SE-Srj,2022-01-26,-6.44964538991507,-0.19425940780227005,NA,24.121302166634667
SE-Srj,2022-01-27,-6.200683302421598,-0.08118805628606565,NA,12.378738587363776
SE-Srj,2022-01-28,-5.5495833333333335,-0.08089583333333333,NA,26.418541666666666
SE-Srj,2022-01-29,-4.136958333333333,-0.08222916666666667,NA,11.977541666666667
SE-Srj,2022-01-30,-7.450666666666667,-0.015583333333333333,NA,23.798145833333333
SE-Srj,2022-01-31,-13.237083333333333,-0.1340625,NA,28.921895833333334
SE-Srj,2022-02-01,-13.177083333333334,-0.2668125,NA,22.425375
SE-Srj,2022-02-02,-12.486458333333333,-0.19316666666666665,NA,20.161041666666666
SE-Srj,2022-02-03,-16.45,-0.13860416666666667,NA,30.6719375
SE-Srj,2022-02-04,-5.3610625,-0.15977083333333333,NA,10.948875
SE-Srj,2022-02-05,-4.110458333333333,-0.03808333333333334,NA,46.87725
SE-Srj,2022-02-06,-4.024895833333334,-0.020625,NA,24.30754166666667
SE-Srj,2022-02-07,-6.421208333333333,0.005166666666666667,NA,37.939458333333334
SE-Srj,2022-02-08,-5.663333333333333,0.006166666666666667,NA,27.009729166666666
SE-Srj,2022-02-09,-4.0628125,-0.01075,NA,47.365375
SE-Srj,2022-02-10,-2.1475625,-0.0139375,NA,56.44079166666667
SE-Srj,2022-02-11,-5.9355416666666665,-0.0026875000000000002,NA,62.00752083333334
SE-Srj,2022-02-12,-5.584333333333333,-0.017145833333333332,NA,65.17377083333334
SE-Srj,2022-02-13,-1.5480416666666668,-0.027270833333333334,NA,34.82458333333334
SE-Srj,2022-02-14,-7.1734583333333335,0.009479166666666667,NA,60.15927083333333
SE-Srj,2022-02-15,-8.768041666666667,-0.0046875,NA,25.882125
SE-Srj,2022-02-16,-7.272125,-0.025958333333333333,NA,22.784
SE-Srj,2022-02-17,-6.230979166666667,-0.005666666666666667,NA,41.411145833333336
SE-Srj,2022-02-18,-7.757729166666667,0.017249999999999998,NA,53.895854166666666
SE-Srj,2022-02-19,-9.164208333333333,0.030208333333333334,NA,87.04270833333334
SE-Srj,2022-02-20,-7.724666666666667,0.005270833333333333,NA,57.98070833333333
SE-Srj,2022-02-21,-10.079166666666667,-0.006416666666666667,NA,32.55733333333333
SE-Srj,2022-02-22,-14.218541666666667,-0.004145833333333333,NA,101.436375
SE-Srj,2022-02-23,-8.945125,-0.04864583333333333,NA,54.16795833333333
SE-Srj,2022-02-24,-0.6341458333333333,-0.054375,NA,69.67933333333333
SE-Srj,2022-02-25,-3.3037708333333335,0.007270833333333333,NA,104.4445
SE-Srj,2022-02-26,-4.934833333333334,0.03327083333333333,NA,115.4939375
SE-Srj,2022-02-27,-0.5708125,0.05675,NA,115.54970833333333
SE-Srj,2022-02-28,0.7395,0.08445833333333333,NA,130.82135416666665
SE-Srj,2022-03-01,-0.2100625,0.09641666666666666,NA,94.16266666666667
SE-Srj,2022-03-02,2.2952083333333335,0.10135416666666666,NA,118.0860625
SE-Srj,2022-03-03,-2.9120416666666666,0.11420833333333333,NA,142.07345833333335
SE-Srj,2022-03-04,-6.284583333333333,0.099625,NA,142.14497916666667
SE-Srj,2022-03-05,-3.0727291666666665,0.0281875,NA,119.84125
SE-Srj,2022-03-06,-0.02139583333333334,0.009833333333333333,NA,139.009375
SE-Srj,2022-03-07,-2.797833333333333,0.0445625,NA,83.68170833333333
SE-Srj,2022-03-08,-0.7513333333333333,0.0540625,NA,118.5428125
SE-Srj,2022-03-09,-3.3308125,0.07595833333333334,NA,92.6554375
SE-Srj,2022-03-10,0.5485416666666667,0.09845833333333333,NA,140.31514583333333
SE-Srj,2022-03-11,3.0700625,0.1168125,NA,133.8318125
SE-Srj,2022-03-12,0.7020625,0.12941666666666668,NA,191.364125
SE-Srj,2022-03-13,-0.7995625,0.12008333333333333,NA,192.85704166666667
SE-Srj,2022-03-14,-0.38297916666666665,0.0771875,NA,168.35847916666665
SE-Srj,2022-03-15,0.41541666666666666,0.0416875,NA,212.72660416666668
SE-Srj,2022-03-16,-0.4455,0.050541666666666665,NA,204.02935416666668
SE-Srj,2022-03-17,0.1769375,0.09783333333333333,NA,185.12058333333334
SE-Srj,2022-03-18,1.86325,0.1361875,NA,160.48666666666668
SE-Srj,2022-03-19,4.850458333333333,0.1570625,NA,177.71777083333333
SE-Srj,2022-03-20,6.3293333333333335,0.173125,NA,239.01654166666665
SE-Srj,2022-03-21,5.6240625,0.17733333333333334,NA,248.903
SE-Srj,2022-03-22,0.8797499999999999,0.17370833333333333,NA,246.5199375
SE-Srj,2022-03-23,3.976125,0.17883333333333334,NA,242.6389375
SE-Srj,2022-03-24,3.3323541666666667,0.18610416666666665,NA,114.4696875
SE-Srj,2022-03-25,2.1615625,0.18210416666666665,NA,171.974125
SE-Srj,2022-03-26,-2.1487708333333333,0.17831249999999998,NA,245.80366666666666
SE-Srj,2022-03-27,-3.4846875,0.18295833333333333,NA,87.838375
SE-Srj,2022-03-28,-4.351083333333333,0.19435416666666666,NA,162.41164583333332
SE-Srj,2022-03-29,-7.747770833333333,0.193375,NA,287.83860416666664
SE-Srj,2022-03-30,-4.2375625,0.19752083333333334,NA,217.326
SE-Srj,2022-03-31,-6.7910625,0.19152083333333333,NA,224.68364583333332
SE-Srj,2022-04-01,-5.915125,0.15320833333333334,NA,244.6488125
SE-Srj,2022-04-02,-3.223854166666667,0.11089583333333333,NA,188.65372916666666
SE-Srj,2022-04-03,-2.7830833333333334,0.12260416666666667,NA,244.36841666666666
SE-Srj,2022-04-04,-6.784229166666667,0.0884375,NA,174.84104166666665
SE-Srj,2022-04-05,-7.702520833333333,0.049104166666666664,NA,327.1257708333333
SE-Srj,2022-04-06,-3.4974166666666666,0.06533333333333333,NA,200.7883125
SE-Srj,2022-04-07,-4.7435833333333335,0.12939583333333335,NA,160.55989583333334
SE-Srj,2022-04-08,-2.5808958333333334,0.15114583333333334,NA,98.27135416666667
SE-Srj,2022-04-09,-2.527,0.168375,NA,157.32229166666667
SE-Srj,2022-04-10,-5.013,0.17664583333333334,NA,191.90629166666668
SE-Srj,2022-04-11,-0.7509791666666666,0.1733125,NA,355.9893125
SE-Srj,2022-04-12,-0.17562499999999998,0.18208333333333332,NA,334.5857291666667
SE-Srj,2022-04-13,1.3137083333333333,0.18472916666666667,NA,266.28141666666664
SE-Srj,2022-04-14,0.6501041666666667,0.1864375,NA,379.22041666666667
SE-Srj,2022-04-15,0.3124374999999999,0.19472916666666668,NA,414.15414583333336
SE-Srj,2022-04-16,3.6588958333333332,0.20529166666666668,NA,273.43904166666664
SE-Srj,2022-04-17,5.783145833333333,0.21289583333333334,NA,416.10495833333334
SE-Srj,2022-04-18,6.364270833333333,0.20372916666666666,NA,407.50264583333336
SE-Srj,2022-04-19,6.506833333333333,0.2065625,NA,438.6353541666667
SE-Srj,2022-04-20,6.293583333333333,0.2009375,NA,454.6934375
SE-Srj,2022-04-21,8.288645833333334,0.19770833333333335,NA,457.2900416666667
SE-Srj,2022-04-22,5.786520833333333,0.18910416666666666,NA,428.7049166666667
SE-Srj,2022-04-23,4.2281875,0.17433333333333334,NA,307.5108333333333
SE-Srj,2022-04-24,3.5494791666666665,0.14741666666666667,NA,468.38139583333333
SE-Srj,2022-04-25,3.7784375,0.12752083333333333,NA,359.7839375
SE-Srj,2022-04-26,-0.2620208333333333,0.10697916666666667,NA,361.0558541666667
SE-Srj,2022-04-27,-1.6071875,0.10627083333333334,NA,387.0544791666667
SE-Srj,2022-04-28,-0.04495833333333334,0.10891666666666668,NA,344.0307291666667
SE-Srj,2022-04-29,0.23700000000000002,0.10375,NA,395.5377916666667
SE-Srj,2022-04-30,3.2549375,0.104625,NA,271.111875
SE-Srj,2022-05-01,3.5042916666666666,0.10597916666666667,1.8270833333333363,406.11022916666667
SE-Srj,2022-05-02,4.0654375,0.10835416666666667,1.8479166666666689,381.0615833333333
SE-Srj,2022-05-03,0.8378333333333333,0.10720833333333334,0.9812500000000077,377.4405208333333
SE-Srj,2022-05-04,1.6781458333333332,0.107375,0.6520833333333395,507.2666458333333
SE-Srj,2022-05-05,5.38625,0.111,0.2197916666666714,367.27714583333335
SE-Srj,2022-05-06,7.509625,0.11041666666666666,-0.24166666666666203,502.52175
SE-Srj,2022-05-07,5.8255,0.111625,-0.8885416666666635,404.103625
SE-Srj,2022-05-08,2.9977291666666668,0.11072916666666667,-1.1770833333333317,422.9543125
SE-Srj,2022-05-09,6.6301041666666665,0.11327083333333333,-1.5624999999999982,404.71254166666665
SE-Srj,2022-05-10,8.835333333333333,0.11979166666666667,-1.6895833333333325,415.235375
SE-Srj,2022-05-11,8.977395833333333,0.13495833333333335,-1.3645833333333326,427.19529166666666
SE-Srj,2022-05-12,6.484479166666667,0.13672916666666668,-1.1041666666666647,268.30410416666666
SE-Srj,2022-05-13,8.462770833333334,0.14416666666666667,-1.199999999999998,454.2097083333333
SE-Srj,2022-05-14,6.858083333333333,0.17447916666666666,-1.69375,282.4516458333333
SE-Srj,2022-05-15,6.9415625,0.19045833333333334,-2.3229166666666665,397.70902083333334
SE-Srj,2022-05-16,4.807979166666667,0.19060416666666666,-3.0812499999999927,337.91695833333335
SE-Srj,2022-05-17,5.7251666666666665,0.24647916666666667,-4.209374999999992,561.9101458333333
SE-Srj,2022-05-18,10.9534375,0.597125,-5.060416666666662,558.3950208333333
SE-Srj,2022-05-19,6.601270833333333,1.8655208333333333,-5.695833333333338,396.4486875
SE-Srj,2022-05-20,8.477625,3.4077916666666668,-6.185416666666679,359.2079375
SE-Srj,2022-05-21,11.0718125,5.219520833333333,-6.738541666666687,562.3561666666667
SE-Srj,2022-05-22,11.781,6.5548125,-7.563541666666687,603.927875
SE-Srj,2022-05-23,11.231395833333334,7.298791666666666,-8.435416666666688,603.3473333333334
SE-Srj,2022-05-24,10.456333333333333,8.169270833333334,-9.303125000000021,613.0680416666667
SE-Srj,2022-05-25,11.420791666666666,8.4770625,-9.80104166666667,431.12079166666666
SE-Srj,2022-05-26,10.158125,9.369791666666666,-5.334375000000017,281.5235833333333
SE-Srj,2022-05-27,9.584354166666667,10.016666666666666,-4.355208333333353,337.14575
SE-Srj,2022-05-28,7.937208333333333,9.549791666666668,-4.188541666666686,344.4936666666667
SE-Srj,2022-05-29,10.045270833333333,10.215833333333334,-4.43125000000002,400.933375
SE-Srj,2022-05-30,11.796041666666667,10.957083333333333,-4.90312500000002,254.134875
SE-Srj,2022-05-31,12.330416666666666,11.005833333333333,-5.262500000000024,330.24064583333336
SE-Srj,2022-06-01,9.432083333333333,10.921666666666667,-2.5729166666666656,103.54304166666667
SE-Srj,2022-06-02,11.882104166666666,10.574375,-2.5031249999999923,366.30935416666665
SE-Srj,2022-06-03,11.223958333333334,11.393333333333333,-2.7104166666666583,322.8101458333333
SE-Srj,2022-06-04,12.043333333333333,11.591458333333334,-3.74687500000001,462.9445
SE-Srj,2022-06-05,9.525458333333333,10.589583333333334,-4.818750000000021,472.686375
SE-Srj,2022-06-06,9.969166666666666,9.957708333333333,-5.747916666666694,635.0339375
SE-Srj,2022-06-07,13.632270833333333,11.2375,-6.747916666666697,690.2214166666666
SE-Srj,2022-06-08,13.339041666666667,12.066041666666667,-7.268750000000028,359.99241666666666
SE-Srj,2022-06-09,10.448166666666667,11.898958333333333,-4.900000000000021,195.61933333333334
SE-Srj,2022-06-10,13.252375,11.527291666666667,-5.748958333333358,611.7248541666667
SE-Srj,2022-06-11,14.403333333333332,12.877916666666668,-7.005208333333359,522.3442083333333
SE-Srj,2022-06-12,12.579166666666667,12.939583333333333,-5.644791666666672,432.5875
SE-Srj,2022-06-13,13.222958333333333,12.749791666666667,-3.8989583333333444,471.6401666666667
SE-Srj,2022-06-14,13.316041666666667,12.578333333333333,-5.272916666666689,559.8315625
SE-Srj,2022-06-15,12.385833333333334,12.177708333333333,-5.844791666666693,550.1237916666666
SE-Srj,2022-06-16,12.8036875,11.97375,-5.989583333333362,605.949125
SE-Srj,2022-06-17,13.220125,12.38875,-6.923958333333362,590.6396666666667
SE-Srj,2022-06-18,10.729583333333334,12.594583333333334,-4.390625000000013,138.67035416666667
SE-Srj,2022-06-19,10.282583333333333,11.508333333333333,0.7093750000000029,204.55889583333334
SE-Srj,2022-06-20,13.213291666666667,12.507291666666667,0.002083333333336054,561.2433541666667
SE-Srj,2022-06-21,14.7748125,14.532708333333334,-2.2708333333333237,447.3301666666667
SE-Srj,2022-06-22,11.994083333333334,14.733125,-3.387499999999992,628.8896041666667
SE-Srj,2022-06-23,14.375416666666666,14.903333333333334,-3.5145833333333267,330.2663125
SE-Srj,2022-06-24,18.90625,15.995416666666667,-4.673958333333344,692.43
SE-Srj,2022-06-25,19.791458333333335,17.722708333333333,-5.844791666666686,688.0216666666666
SE-Srj,2022-06-26,22.006666666666668,18.220416666666665,-6.867708333333353,620.0180625
SE-Srj,2022-06-27,21.625208333333333,18.125416666666666,-7.980208333333345,677.7418125
SE-Srj,2022-06-28,22.720625,18.257083333333334,-9.167708333333323,618.3658958333333
SE-Srj,2022-06-29,22.363333333333333,18.881458333333335,-10.177083333333329,577.9050208333333
SE-Srj,2022-06-30,22.530208333333334,19.116458333333334,-11.39375,615.2634166666667
SE-Srj,2022-07-01,22.333333333333332,18.899583333333332,-13.608333333333334,559.0067708333333
SE-Srj,2022-07-02,20.423333333333332,18.727916666666665,-14.485416666666666,348.9241875
SE-Srj,2022-07-03,17.65875,17.683333333333334,-15.546875,549.605375
SE-Srj,2022-07-04,17.493333333333332,16.984583333333333,-16.831249999999972,580.5945625
SE-Srj,2022-07-05,13.836708333333334,16.492708333333333,-13.83124999999998,367.6089583333333
SE-Srj,2022-07-06,12.892291666666667,15.311875,-14.190625,600.96625
SE-Srj,2022-07-07,12.716875,14.888333333333334,-15.184375,405.0407916666667
SE-Srj,2022-07-08,13.353541666666667,14.17125,-16.638541666666626,470.9179375
SE-Srj,2022-07-09,11.693333333333333,14.074791666666666,-16.52395833333328,234.31629166666667
SE-Srj,2022-07-10,12.483958333333334,13.87375,-7.032291666666698,327.76635416666664
SE-Srj,2022-07-11,14.903125,14.55375,-8.226041666666704,475.3381875
SE-Srj,2022-07-12,17.697291666666665,15.403541666666667,-9.446875000000029,625.1061875
SE-Srj,2022-07-13,16.497916666666665,15.90375,-10.277083333333334,389.6780416666667
SE-Srj,2022-07-14,13.928333333333333,15.430625,-7.247916666666675,278.6893333333333
SE-Srj,2022-07-15,11.570833333333333,14.668541666666666,-4.891666666666671,167.51733333333334
SE-Srj,2022-07-16,11.229791666666667,13.6875,-5.000000000000006,207.87416666666667
SE-Srj,2022-07-17,10.790833333333333,12.83375,-5.744791666666686,293.41352083333334
SE-Srj,2022-07-18,12.9675,12.978958333333333,-6.848958333333363,378.8019375
SE-Srj,2022-07-19,13.158333333333333,13.3225,-7.763541666666701,492.55308333333335
SE-Srj,2022-07-20,15.311979166666667,13.883750000000001,-8.620833333333367,576.9538125
SE-Srj,2022-07-21,17.74,15.232708333333333,-9.247916666666708,351.45772916666664
SE-Srj,2022-07-22,15.56,15.463958333333334,-9.745833333333355,528.447875
SE-Srj,2022-07-23,14.000833333333333,14.514583333333334,-10.730208333333334,604.2521875
SE-Srj,2022-07-24,14.32275,14.662916666666666,-11.498958333333333,369.6000833333333
SE-Srj,2022-07-25,14.901041666666666,14.57125,-11.916666666666666,212.1491875
SE-Srj,2022-07-26,15.805416666666666,15.146666666666667,-9.646875000000021,186.86964583333332
SE-Srj,2022-07-27,13.607916666666666,14.844166666666666,-8.888020833333357,279.3584375
SE-Srj,2022-07-28,11.119625,13.081458333333334,-10.758333333333333,367.8929791666667
SE-Srj,2022-07-29,11.850208333333333,12.944166666666666,-11.579166666666667,405.2378541666667
SE-Srj,2022-07-30,13.323479166666667,13.634583333333333,-12.285416666666666,398.6711666666667
SE-Srj,2022-07-31,15.642895833333334,14.215208333333333,-13.072916666666666,551.76575
SE-Srj,2022-08-01,14.778958333333334,14.980416666666667,-13.740625,308.58085416666665
SE-Srj,2022-08-02,12.270416666666666,14.290208333333334,-11.538541666666667,254.28477083333334
SE-Srj,2022-08-03,13.972291666666667,13.669375,-11.726041666666667,121.95739583333334
SE-Srj,2022-08-04,17.93145833333333,14.936875,-12.328125,360.797125
SE-Srj,2022-08-05,15.532708333333334,15.394166666666667,-13.104498095713252,352.79445833333335
SE-Srj,2022-08-06,10.62375,13.806666666666667,-11.154166666666663,180.70308333333332
SE-Srj,2022-08-07,11.399645833333333,12.492083333333333,-8.957088085326275,385.9083958333333
SE-Srj,2022-08-08,11.451208333333334,12.479166666666666,-10.407830586296143,513.2366458333333
SE-Srj,2022-08-09,15.149666666666667,13.205,-10.626041666666667,442.6162708333333
SE-Srj,2022-08-10,16.984375,14.398541666666667,-9.573958333333339,260.2346875
SE-Srj,2022-08-11,16.075625,14.230416666666667,-10.34166666666667,342.894375
SE-Srj,2022-08-12,13.411729166666666,13.258541666666666,-11.423958333333333,504.07775
SE-Srj,2022-08-13,10.657083333333333,12.466458333333334,-9.69583333333335,96.68277083333334
SE-Srj,2022-08-14,14.237083333333333,13.181458333333333,-8.99895833333335,421.63175
SE-Srj,2022-08-15,15.792020833333334,14.009375,-10.059375000000001,376.150625
SE-Srj,2022-08-16,20.274583333333332,15.14375,-10.944791666666667,398.0887916666667
SE-Srj,2022-08-17,17.560416666666665,16.079583333333332,-10.129166666666677,209.0545
SE-Srj,2022-08-18,12.453895833333334,14.628541666666667,-7.762500000000031,313.3395625
SE-Srj,2022-08-19,16.859375,15.203125,-8.731250000000022,336.72954166666665
SE-Srj,2022-08-20,17.935624999999998,16.2375,-6.196875000000024,137.75064583333332
SE-Srj,2022-08-21,16.169375,16.296666666666667,-4.584375000000025,124.01435416666666
SE-Srj,2022-08-22,13.9195,15.431666666666667,-5.963541666666702,430.87527083333333
SE-Srj,2022-08-23,13.14175,14.061458333333333,-6.690625000000034,411.79127083333333
SE-Srj,2022-08-24,13.258333333333333,14.262916666666667,-7.220833333333369,341.27570833333334
SE-Srj,2022-08-25,15.054791666666667,14.163333333333334,-7.785416666666697,411.6804375
SE-Srj,2022-08-26,15.489791666666667,14.671666666666667,-8.34375000000003,409.23847916666665
SE-Srj,2022-08-27,14.006041666666667,14.677916666666667,-7.9364583333333645,110.534375
SE-Srj,2022-08-28,11.0945625,13.3375,-8.052083333333362,400.9531666666667
SE-Srj,2022-08-29,10.6125625,12.261875,-8.966666666666686,330.4391875
SE-Srj,2022-08-30,10.081145833333334,12.47,-9.114583333333345,259.43245833333333
SE-Srj,2022-08-31,8.127041666666667,12.070416666666667,-8.683333333333362,273.13870833333334
SE-Srj,2022-09-01,6.945375,11.028125,-9.24062500000001,277.15583333333336
SE-Srj,2022-09-02,4.852270833333334,9.864375,-9.726041666666669,220.9641875
SE-Srj,2022-09-03,6.396958333333333,9.916666666666666,-9.904166666666667,238.82752083333332
SE-Srj,2022-09-04,5.651895833333334,9.569583333333334,-10.370833333333334,310.7332083333333
SE-Srj,2022-09-05,7.344708333333333,9.153958333333334,-10.776041666666666,344.6896875
SE-Srj,2022-09-06,8.316208333333334,9.37,-11.085416666666667,209.619
SE-Srj,2022-09-07,6.59225,9.890833333333333,-11.360416666666666,202.773625
SE-Srj,2022-09-08,6.2806875,8.810145833333333,-11.714583333333334,250.08808333333334
SE-Srj,2022-09-09,10.097041666666666,9.742291666666667,-12.042708333333334,253.5009375
SE-Srj,2022-09-10,9.850458333333334,9.536666666666667,-12.435416666666667,310.0905
SE-Srj,2022-09-11,10.057854166666667,9.841875,-12.730208333333334,174.9821875
SE-Srj,2022-09-12,10.07377213080802,9.926077593150081,-13.434575862219319,202.90427094132878
SE-Srj,2022-09-13,11.45846392531829,9.924041438716074,-13.181158978009133,86.62893567766449
SE-Srj,2022-09-14,9.17521294036979,9.746743522867215,-10.185872110568857,36.16507469163582
SE-Srj,2022-09-15,9.351482241389292,9.613717264761522,-6.227308075996236,52.534717277645925
SE-Srj,2022-09-16,9.541440002411331,9.578233828191673,-3.7956819931802213,60.87392328655568
SE-Srj,2022-09-17,8.875208333333333,9.516812005207157,-3.1291666666666766,101.18910416666667
SE-Srj,2022-09-18,7.9381458333333335,9.02655683938552,-3.188541666666677,66.58983333333333
SE-Srj,2022-09-19,7.2394375,8.532806093058916,-3.9000000000000123,55.7005
SE-Srj,2022-09-20,4.395791666666667,7.524039819000493,-4.939583333333363,251.372125
SE-Srj,2022-09-21,5.513416666666667,6.626122286732917,-5.653125000000038,228.48641666666666
SE-Srj,2022-09-22,8.167395833333334,6.934995664130147,-6.142708333333363,204.850375
SE-Srj,2022-09-23,9.976875,7.786693854165384,-6.48750000000003,63.404354166666664
SE-Srj,2022-09-24,10.1525,8.510764515985931,-5.353125000000026,70.91802083333333
SE-Srj,2022-09-25,9.095791666666667,8.738851143935033,-4.923958333333364,102.0203125
SE-Srj,2022-09-26,7.6260208333333335,8.591551265434058,-5.416666666666706,74.36360416666666
SE-Srj,2022-09-27,8.1195,8.244614900316073,-5.9302083333333675,127.31635416666667
SE-Srj,2022-09-28,7.051520833333333,8.022839737167606,-6.227083333333363,66.72547916666666
SE-Srj,2022-09-29,6.4343125,7.878355742962298,-6.43750000000003,83.6316875
SE-Srj,2022-09-30,3.863625,7.271775425892034,-6.688541666666697,62.829229166666664
SE-Srj,2022-10-01,5.476666666666667,6.5930113713942005,-6.661458333333365,69.93664583333333
SE-Srj,2022-10-02,7.39,6.759517522780799,-6.497916666666697,77.64252083333334
SE-Srj,2022-10-03,7.745854166666667,7.340813140865135,-6.821875000000031,72.78110416666667
SE-Srj,2022-10-04,4.940291666666667,6.766227095361167,-7.114583333333373,82.35720833333333
SE-Srj,2022-10-05,7.978416666666667,7.102569909559933,-4.067708333333349,73.39966666666666
SE-Srj,2022-10-06,8.407041666666666,7.48597683127974,-2.9302083333333435,115.5390625
SE-Srj,2022-10-07,7.992395833333333,6.384597093731383,-3.54375000000001,116.90625
SE-Srj,2022-10-08,6.357770833333333,6.258251278368517,-3.1677083333333433,139.98622916666667
SE-Srj,2022-10-09,5.422270833333333,5.0547520403458845,-4.177083333333348,96.49472916666667
SE-Srj,2022-10-10,6.729583333333333,4.98325770907346,-4.735416666666691,98.51875
SE-Srj,2022-10-11,6.7335625,5.522111153859986,-4.357291666666685,88.316625
SE-Srj,2022-10-12,3.830875,4.4154492057707895,-5.054166666666701,128.75752083333333
SE-Srj,2022-10-13,5.4485,3.8906363426792137,-5.45000000000004,103.63791666666667
SE-Srj,2022-10-14,6.194583333333333,4.584810081236446,-5.272916666666701,88.99875
SE-Srj,2022-10-15,7.101416666666666,5.417068959685725,-4.430208333333352,53.02079166666667
SE-Srj,2022-10-16,2.471875,4.959691670502473,-3.784375000000015,23.5335625
SE-Srj,2022-10-17,3.10375,3.874614932031448,-4.07916666666668,115.28870833333333
SE-Srj,2022-10-18,1.9928125,3.0312672954247457,-4.564583333333354,81.45066666666666
SE-Srj,2022-10-19,3.1040833333333335,2.4681875357496286,-4.970833333333366,81.0959375
SE-Srj,2022-10-20,2.330416666666667,2.267978162327637,-5.319791666666706,91.78077083333334
SE-Srj,2022-10-21,0.6880416666666667,2.0773719253484595,-5.657291666666707,47.7718125
SE-Srj,2022-10-22,2.0943125,2.3676119166650462,-5.79270833333337,62.553666666666665
SE-Srj,2022-10-23,1.432625,2.0737792453850203,-6.133333333333363,83.14575
SE-Srj,2022-10-24,-2.5788333333333333,1.384431349913813,-6.5229166666666965,62.97360416666667
SE-Srj,2022-10-25,1.5739791666666667,1.131836818646551,-6.209375000000031,66.24320833333333
SE-Srj,2022-10-26,1.8238958333333333,1.2261980723889694,-5.419791666666707,57.811416666666666
SE-Srj,2022-10-27,3.223895833333333,1.4418365497620513,-4.9229166666666915,13.6775625
SE-Srj,2022-10-28,6.2333541666666665,2.0552720886003897,-4.590625000000022,57.5545625
SE-Srj,2022-10-29,4.983854166666666,2.3470948010900607,-4.5770833333333565,38.88158333333333
SE-Srj,2022-10-30,1.9240625,1.7669061168322966,-5.165625000000037,40.88695833333333
SE-Srj,2022-10-31,0.4731875,1.1952039252449267,-5.705208333333371,29.713166666666666
SE-Srj,2022-11-01,2.680875,1.035552995626402,-6.1166666666666965,61.062625000000004
SE-Srj,2022-11-02,4.531145833333333,1.2650669856150334,-5.412500000000031,13.995
SE-Srj,2022-11-03,5.726145833333334,2.458982507086547,-4.557291666666688,12.775166666666667
SE-Srj,2022-11-04,5.8752708333333334,3.325381555134339,-5.022916666666701,11.961291666666668
SE-Srj,2022-11-05,4.423708333333333,3.537796330486174,-4.651041666666694,5.206229166666667
SE-Srj,2022-11-06,1.682375,3.1505345602650547,-3.547916666666677,19.573895833333335
SE-Srj,2022-11-07,-0.746125,2.659589988288271,-4.281250000000018,25.7435625
SE-Srj,2022-11-08,-3.1174166666666667,1.6343168062897258,-4.875000000000029,45.151333333333334
SE-Srj,2022-11-09,-2.9021666666666666,0.9778856272402917,-5.347916666666706,9.0353125
SE-Srj,2022-11-10,-1.5208125,0.8187493247516646,-5.659375000000037,15.466270833333333
SE-Srj,2022-11-11,5.438479166666666,0.8798054642384232,-4.052083333333348,25.479
SE-Srj,2022-11-12,6.9009375,1.4003168213197192,-4.2562500000000165,29.73975
SE-Srj,2022-11-13,1.5120416666666667,1.2139926704591255,-4.68854166666669,26.955083333333334
SE-Srj,2022-11-14,-1.6835625,0.7285924775610546,-5.075000000000036,13.263395833333334
SE-Srj,2022-11-15,-4.095625,0.5429383129639128,-5.482291666666707,24.359041666666666
SE-Srj,2022-11-16,-8.603604166666667,0.39341485686394495,-5.317708333333372,28.336666666666666
SE-Srj,2022-11-17,-9.977041666666667,0.3133854831918925,-4.710416666666695,27.107833333333332
SE-Srj,2022-11-18,-8.6669375,0.2855276485564741,-4.32500000000002,5.478541666666667
SE-Srj,2022-11-19,-4.892375,0.26005846059944987,-4.00000000000002,4.0298541666666665
SE-Srj,2022-11-20,-4.573604166666667,0.24550325177460078,-3.787500000000017,3.9619583333333335
SE-Srj,2022-11-21,-6.010395833333333,0.22713203423182926,-3.4760416666666765,2.174875
SE-Srj,2022-11-22,-4.6974583333333335,0.1965262849216728,-3.1677083333333433,1.6889375
SE-Srj,2022-11-23,-8.7763125,0.15421034091987668,-2.666666666666674,3.3113125
SE-Srj,2022-11-24,-6.487125,0.09706730960951154,-2.2750000000000026,1.851
SE-Srj,2022-11-25,-3.35925,0.05710117250272099,-2.1135416666666673,2.9670833333333335
SE-Srj,2022-11-26,-1.4407916666666667,0.04052629494166865,-2.3197916666666667,2.3510625
SE-Srj,2022-11-27,-0.113625,0.0385357560430068,-2.3854166666666665,1.7925
SE-Srj,2022-11-28,0.18560416666666668,0.047439776384825806,-2.5770833333333334,1.9775208333333332
SE-Srj,2022-11-29,-0.7498541666666667,0.03227284097160743,-2.7343750000000004,2.9553125
SE-Srj,2022-11-30,-0.4421875,0.03462264786661313,-2.6989583333333336,4.266916666666667
SE-Srj,2022-12-01,-1.5004375,0.03192328292111074,NA,8.972479166666666
SE-Srj,2022-12-02,-5.0535625,0.029350147271621052,NA,4.847416666666667
SE-Srj,2022-12-03,-5.2665625,0.0281849537699653,NA,2.737604166666667
SE-Srj,2022-12-04,-5.932479166666667,0.021999718265343,NA,3.045729166666667
SE-Srj,2022-12-05,-4.446770833333334,0.01390162342883586,NA,2.4693958333333335
SE-Srj,2022-12-06,-5.088583333333333,0.005949177780035664,NA,11.218708333333334
SE-Srj,2022-12-07,-12.847291666666667,-0.012499719329512927,NA,7.7735625
SE-Srj,2022-12-08,-8.089520833333333,-0.0258120550859293,NA,2.9384791666666668
SE-Srj,2022-12-09,-5.8736041666666665,-0.03351204214270404,NA,3.570520833333333
SE-Srj,2022-12-10,-8.712229166666667,-0.03881367257523748,NA,3.8055625
SE-Srj,2022-12-11,-5.410125,-0.04056146282772103,NA,2.7474375
SE-Srj,2022-12-12,-11.5969375,-0.04276562053501976,NA,5.9343125
SE-Srj,2022-12-13,-15.436041666666666,-0.044358051653949175,NA,4.318125
SE-Srj,2022-12-14,-18.729791666666667,-0.045105717484178284,NA,6.422625
SE-Srj,2022-12-15,-15.37,-0.04677582816988481,NA,5.782729166666667
SE-Srj,2022-12-16,-12.1625,-0.045231946780190976,NA,7.737291666666667
SE-Srj,2022-12-17,-12.907708333333334,-0.046892347520050406,NA,6.404979166666667
SE-Srj,2022-12-18,-6.03775,-0.04401820354929961,NA,1.8605833333333333
SE-Srj,2022-12-19,-7.512145833333333,-0.046717568494802,NA,4.361625
SE-Srj,2022-12-20,-3.690729166666667,-0.04787305205061057,NA,2.9011666666666667
SE-Srj,2022-12-21,-5.4763125,-0.04909650522734906,NA,1.6763333333333335
SE-Srj,2022-12-22,-7.141395833333333,-0.0551846412735001,NA,2.7766041666666665
SE-Srj,2022-12-23,-8.261,-0.058136464811027876,NA,6.747520833333334
SE-Srj,2022-12-24,-7.2218125,-0.062476810604695364,NA,6.3403125
SE-Srj,2022-12-25,-9.778708333333334,-0.06888537486380172,NA,5.5790625
SE-Srj,2022-12-26,-0.9641458333333334,-0.06899218426812018,NA,2.7190416666666666
SE-Srj,2022-12-27,-5.47575,-0.07154590002591558,NA,1.8105208333333334
SE-Srj,2022-12-28,-8.151791666666666,-0.07378889751660281,NA,3.5862708333333333
SE-Srj,2022-12-29,-8.416083333333333,-0.078255472606283,NA,1.78725
SE-Srj,2022-12-30,-0.7404375,-0.07908081800328912,NA,4.559125
SE-Srj,2022-12-31,0.136375,-0.07811953336442316,NA,2.4070416666666667
